text,actual,predicted
"Watched a movie yesterday #The70's on #OVTV and was pleasantly surprised to see Michael Easton (John, #OLTL) in it.",1,0
@couriermail I may not agree with Wilkie's ideas but he has proven he is a man of principle...It's a pity Peter Garrett cannot say the same.,-1,0
I can't believe the first semi-final of Melodifestivalen was just yesterday. Can we press fast-forward to @Danny5ausedo? #TeamDanny,0,-1
@Popjustice How come you've been all over Melodi Grand Prix and not mentioned Loreen in Saturday's Melodifestivalen?,0,1
There are still tickets available for the Mar 9 panel at Paleyfest. Let's make #Castle a sold out event! Get tix here: http://t.co/SIzAVlX9,1,0
@NupeyKollins douglas wack! They got Shumpert 72. He be dunking on niggas. I dunked in Lebron with Lin last night hahahahhaa on Brentley,-1,0
9th day of continuous shelling of Baba Amr http://t.co/01dZwmSu #Syria,0,1
"#Syria #Homs, Baba Amr. [8 Feb 2012]. (IMPORTANT) Desperate distress call from Baba Amr to the world. #CNN #BBC #NBC http://t.co/B7xYfz3E",-1,0
"Passionate about CNIS' work, be a rep at Ten Thousand Villages in your hometown on Mar 8 - Winkler 725 Main Street Unit B",1,0
"Passionate about CNIS' work, be a rep at Ten Thousand Villages in your hometown on Mar 8 - Victoria Oak Bay 1976 Oak Bay Ave",1,0
Don't wait til the last minute to book your booths and get tix for Soundboard on March 11th...you will live to regret it!,-1,0
@MTV: The bloodiest sweet 16 ever happens on March 13th. Check out the trailer for My Super Psycho Sweet 16: Part 3 here: http://t.co/Bo1cg7,0,1
"Passionate about CNIS' work, be a rep at Ten Thousand Villages in your hometown on Mar 8 - Saint John 116 Princess Street",1,0
@Boylesports going Hurricane Fly crazy with a 2/1 price on The Fly to win the Champion Hurdle at Cheltenham! http://t.co/AL11SxXw,0,-1
"Excuse the connectivity of this live stream, from Baba Amr, so many activists using only one Sat Modem. LIVE http://t.co/U283IhZ5 #Homs",0,-1
Fuck the talent show lets go to the basketball tournament on Friday at Richard bland to support kenston forest,-1,1
Becoming dangerously obsessed with one of tomorrow's Melodifestivalen songs. I'm sure you can see why. http://t.co/UItTiPrg,-1,0
"Sharmeen Obaid Chinoy, we are proud of you, Saving Face, won at the 84th Oscars in Los Angeles Read more: http://t.co/vwH4GBqh",1,0
Who's going to SMASH PROJECT on March 8? :) looking for more concert buddies.,1,0
"Strong revenue growth at Tudou, but the company keeps on bleeding heavily - http://t.co/olAzHbcs",-1,1
"It's not Ben Howland's fault that Reeves Nelson has self control issues, and there's no way he gets fired with the recruits he has coming in",-1,0
@kokotheturtle Strolls in2 #NipClub & see Nekkid kitteh...what kinda party U running here...shall I jump on the bar & dance? Oh yeah..,1,0
"Three sleeps till the Bold, Black and Beautiful IWD lunch on Thursday. Who else might be going? #boldblackbeautiful",0,1
Aus skipper Michael Clarke and fast bowler James Pattinson have been ruled out of Thursday's series- deciding final vs SL with injuries.,-1,0
Michael Clarke and James Pattinson ruled out of tomorrow's third final. Big blow for the hosts. #CBSeries,-1,0
At my final IWD event. Bring on the bubbles! #IWD,1,0
"For International Women's day, let's not forget trans*women and those who don't follow the gender binary!",-1,0
"If the Lakers still had Jordan Farmar,Trevor Ariza,&Shannon Brown I'd be watching them ..I dont like the Lakers but they were entertaining.",1,-1
International Women's day over for another year - roll on March 8th 2013!,0,1
Got my Mystic on just yesterday :) @htansatlanta: #Tan for #FREE @ any Hollywood Tans salon in Atl TOMORROW 3/10! Call 866-970-8267,1,0
You are out of luck if you want to go to the BNP Paribas Open on Saturday as tickets are not available. Same for Sunday day session #bnppo12,-1,1
"QT @hpotterheads: In the original draft of the 7th book, Remus Lupin survived the Battle of Hogwarts. #HappyBirthdayRemusLupin",1,0
T-BLUE joined the memorial service of the Great East Japan Earthquake at LOGOSLIFE CHURCH on March 10th. http://t.co/I3Ftbvuw,0,1
Champion Hurdle Tips - Hurricane Fly bidding to retain the Champion Hurdle: Ruby Walsh riding Hurricane Fly on t... http://t.co/zNWonY5z,0,-1
"CASHEE on Tuesday & Wednesday, math test on Thursday, an essay due Thursday too to top it all off rain all week! WTF!",-1,0
"one tip I will give for tomorrow, is a treble. Sprinter Sacre, Hurricane Fly and Quevega pays nearly 5/1 with Ladbrokes #buyingmoney",0,-1
@shaneruane2009 Overturn 28/1 worth an each way bet tomorrow in the Champion Hurdle #nodoubt,0,1
well the verdict comes tomorrow whether or not Knaus will be Jimmie's crew chief or not for the next six races. #fingerscrossed..,0,1
I need to sleep have a big day taking the Cashee tomorrow. Sike no cashee equals no life for 4 hours,1,0
"@vi079 Backed the other Ruby. Error. Each way lucky 31 depends on Scotsirish, surely Quevega won't let me down? May have a punt on the last.",1,-1
Community returns this Thursday night at 8 on NBC. I saw it at Paleyfest but I'm watching it again! #anniesboobs,1,0
These #Iditarod updates are making me nervous!!! Sounds like Dallas Seavey has it but hope Aliy Zirkle can stay in 2nd!!!!,-1,0
Seven Penny Stocks to Watch with Heavy Volume for March 14 - Fyxnews http://t.co/fTmr7wuw,0,1
"25-year-old Dallas Seavey wins Iditarod - Dallas Seavey won the Iditarod Trail Sled Dog Race Tuesday, becoming the y... http://t.co/xF2Rv257",1,0
"25-year-old Dallas Seavey wins Iditarod - Dallas Seavey won the Iditarod Trail Sled Dog Race Tuesday, becoming ... http://t.co/rkoboS27",1,0
"Alaskan musher, 25, youngest to win Iditarod: Dallas Seavey won the Iditarod Trail Sled Dog Race on Tuesday even... http://t.co/z0XlpxU3",1,0
"Alaskan musher, 25, youngest to win Iditarod: Dallas Seavey won the Iditarod Trail Sled Dog Race on Tuesday evening, becoming the you...",1,0
"#sports Alaskan musher, 25, youngest to win Iditarod: Dallas Seavey won the Iditarod Trail Sled Dog Race on Tues... http://t.co/Pf5jJg5S",1,0
"Seavey youngest Iditarod champion: Dallas Seavey won the Iditarod Trail Sled Dog Race Tuesday, becoming the youn... http://t.co/bwSAqZPb",1,0
Sign of the times? BBC News - Encyclopaedia Britannica ends its famous print edition http://t.co/HSJHdFFa,-1,0
iPad HD hits stores tomorrow. Will you be waiting in line for one?,0,1
Ben Howland implies he has no interest in #Huskers hoops coaching job. See LA Times ... http://t.co/nXJ5I4kx,-1,1
"COME MEET ALL THE KIDS TODAY at St. Patrick's Day Parade in Downtown Cinci. If you want to walk with us, please... http://t.co/b9ANLFR3",0,1
"Moderate-heavier rain moving toward Racine...should be dry for the 6th Annual St. Patrick's Day Parade though, starts @ 12! Bring sunscreen",0,-1
"St Pattys is no big deal for me, no fucks are given, but Cinco De Mayo on the other hand .. thats my 2nd bday .",-1,0
While all you St Pattys day goers are getting drunk ill be serving all of you after last call #notlookingforwardtodennys!,-1,0
"Knaus, Johnson win appeal; no suspension coming, points restored: Sports 3 hours, 1 minute ago From the moment N... http://t.co/7EcllOo9",1,0
The last few snakes in Ireland were found at Blarney GAA hall during the St. Patrick's Day Parade. pic courtesy... http://t.co/qVJEuLwV,0,-1
"I fear not the man who has practiced 10,000 kicks once, but I fear the man who has practiced one kick 10,000 times. -Bruce Lee",0,-1
Palm Sunday Flo Rida http://t.co/1xKBMG26 is AWESOOMEEE! I got laid last night bc of it,1,0
Trey Burke tries to follow his older big bro Sully with enrolling in the NBA Draft! What's your say so should he go or stay! I say stay!,0,1
"@alive_nolove I put 'Do not take out or upload a 2nd time (for example Youtube, Vimeo, Tudou, Youku, etc)' its the same thing.",-1,0
Release me from the pain AWESOOMEEE! How crazy http://t.co/ZhFU3g0J Bynum,1,0
http://t.co/OhAZGAsn is AWESOOMEEE! I got laid last night bc of it #Followfriday Kings,1,0
"Polish see Dyngus Day as their answer to St. Patrick's Day Parade: D'Ella Heschmeyer, center, dances with the Kr... http://t.co/RpEpNJ0W",0,1
@Diarmuidm77lfc4 Ya our game in hand is v Bolton!!!!!. 6 pointer ha!..Playing Norwich last game of the season!.#hopeless,1,0
[VIDEO] EXO-M's Tudou interview + Luhan & Chen sing What Is Love!: EXO-M's latest interview with Tudou!Pretty im... http://t.co/scg3a6XQ,0,1
;) Seven Penny Stocks to Watch with Heavy Volume for Friday http://t.co/1TvlFXta medical marijuana inc,0,1
"@NVSOFFICIAL , saw you in glasgow, loveeedd #dropdeadgorgeous please notice me , RT/follow, would mean loads if i got a follow xx",1,0
@Lararamos24 April 20th you guys ;) Smash Project special on myx idk what time tho @anabeii @OhHeyAl @ChrisThundah,1,0
DTN Cricket: Pattinson may be saved for A tour ahead of Ashes: James Pattinson may not make it to the ODI tour o... http://t.co/9nt69Ifk,-1,1
James Pattinson may not make it to the ODI tour of England despite his expected recovery as the selectors ponder ... #Australia #CRICKET,-1,0
"Just got a call from the Tudou awards festival--we're up for 2 prizes, ceremony to kicks off in Chengde May 19th.... http://t.co/ECVlqRoT",1,0
@Connor_Howieson went to work on Saturday and someone had spray painted 'Kony 2012' on the side of royal high school haha poor effort,-1,0
OMG. Jun featured in Prepix new MV? Release tonight?! FYEAH.,1,0
"Come and see Sophos at stand C10 and C20 on Tuesday, Wednesday or Thursday at #InfoSec and learn more about 'Complete Security'",0,1
"Ben Howland lands Tony Parker. UCLA now has the No. 2, 3, and 20th best players in the country. UCLA reloaded big time.",0,1
AWESOOMEEE. Monday Blues http://t.co/H2EMSaPq is the epitome of excellence!,1,0
The last day of PSSAs!!! Juniors will be testing during 1st and 2nd and then they are done with PSSAs!!!,0,1
@DannycatedLover @AmyAnneTurner @annahades @gealingeman I think that the 2nd place on Melodifestivalen gives the points on Eurovision! ;),1,0
Last day of PSSAs tomorrow :) #yes #yeahbuddy !!!,1,0
Just remembered I'm taking the PSSAs tomorrow. #Fml,-1,0
I don't like testing I'm glad I don't have to worry about the CASHEE anymore on may.8th (: passed that shxt !,-1,1
Question of the day: Can anything beat Quevega in Thursday's World Series Hurdle? Have your say http://t.co/hs4869H9,0,1
Goodnight! I have an audition for Honors Band and PSSAs tomorrow. It's the Pennsylvania State Standard Assessment Test. AAHHH!!!!,1,0
Day 3 of PSSAs (state tests for 11th grade). Test questions and sci scenarios vary greatly; shouldn't they be taking the same exam? #pssa,1,0
"RamCharan's #Racha succesfully completes 3weeks with record collections,into 4th week! Now!!",1,0
@AndyClarke74 any fancy for tomorrow? Quevega at 6/4 with @paddypower today - cha ching!,0,1
@joshgroban @Gracey_7 Hope it was not a Super Psycho Sweet 16th birthday party ;),-1,1
You knw wat I'm Waf with Morris hall boys on twitter though they all go cause they 2nd floor team u feel me,0,1
We didn 39t make The Hills Tuesday night session at PaleyFest but those http://t.co/IEflwTsr,0,1
Finally got to see The Announcement #Magic ...very inspiring story to never give up...God will help no matter what the circumstances may be,1,-1
"Congressman Dennis Kucinich (D-Ohio), who lost in the recent Ohio primary election on March 6th, due to... http://t.co/Z0q9fxP7",-1,0
http://t.co/72YsY0w6 is AWESOOMEEE! I got laid last night bc of it Sun City VVV,1,0
Watching the Kony 2012 video for the 3rd time. This time in adviory.,1,0
#hamont Council of Can chair Maude Barlow hits road to speak on protecting the Great Lakes; 8-city tour will see her in Ham May 16,0,1
Never knew Moebius though. Looked like a cool artist! Why do all the great artist always die in March?!,-1,1
Apple Special Event March 7 2012 iPad 3 the new ipad Full Apple Keynote ...: http://t.co/o7eK20Ku via @youtube,0,1
"About to go get this lift, run and throw in. Jr. Pro Day on Monday then it's back to SA to get ready for the season!!! #HogNation",1,0
"@SabrinaMaree Okay! 1st, what type of content will the site have? Example: G/G, B/G, Solo, fetish?",0,1
@KeiJhoHyun28 oo nga eh :( may picture sana ako with PREPIX!!!!,-1,0
It's Smash Project's 2nd monthsary today! I think that's reason enough to vote and request to make Endlessly NUMBER ONE today! :),1,0
"Today in Dubai, Dance Studios JLT celebrated it's 1st anniversary and the International Women's Day, 8th of March,... http://t.co/A3wiIr3P",1,0
"Lady Gaga came to Japan again. She is a a real Japanophile, so this is the 3rd visit since the Great East Japan Earthquake.",0,1
@DonovanSkyFox Why do you keep saying iPad HD do you mean the 3rd generation one??,0,1
Only 3 more days until AfricAid's Mother's Day Shopping Night at Ten Thousand Villages!! Friday the 11th from 5-8pm!,1,0
And Willard Mitt Romney is going to speak at their Commencement on Sunday? I'm gonna pray for all of y'all who are going back in history.,1,0
Took a break to reread Moebius and Stan Lee's Silver Surfer book. It may be minor Moebius but I love it since it introduced me to his work.,1,0
"For fans who can't make the game, USF Baseball's series opening game against 2nd place UConn will be on CBS College Sports, First pitch at 7",0,1
"@LindseyKMiller CHANGED HER MIND? She bailed on st Pattys, & now she def needs to come! Im thinking about leaving after work on that Friday?",1,0
"Miss last Friday's Soundboard, our radio partnership with @wtju911FM and @cvillenews_desk? http://t.co/A4E1a9Mo",0,1
"(Unwired View) Samsung SCH-S759 with Windows Phone gets Wi-Fi, Bluetooth certified, may be headed to China Telecom http://t.co/dehpvlDN",1,0
"Chuck Close is creating mosaics for the 86th st. station of the 2nd ave subway. This makes me hate the project a lot less. Well played, MTA.",-1,0
"I'm about to start barging The Pier every monday, imma just need to stock up on Moebius stickers",-1,0
Yet another reason to come to the June 2 Noche Argentina Milonga at Calle Ocho: we will have a FABULOUS... http://t.co/l4LgYXCM,1,0
@BakerSavage I thought it was the football team at 1st until I scrolled down and saw Trey Burke. Lol,1,0
"Obituary: Ramcharan Nirmalkar: <Ramcharan Nirmalkar, 1926(?)- 16 May 2012> Ramcharan was one of the pillars of ... http://t.co/eOv0m8N8",0,1
@ash_cherrington @adclayton3 Haha we're off round Claytons now then the Rising Sun later!,0,1
"Spent the majority of my day riding Boris Bikes, playing a crazy game of frizbi and just general lobstering in the sun :) #Summer2012",1,-1
Selection Monday! Right up there with Selection Sunday. #NCAAbaseball,1,0
Head of highways Jason Russell speaking @surveyormag event about driving improvements tomorrow at Pride Park http://t.co/eFPRDb8O,1,0
"Miss last Friday's Soundboard, our partnership with @cvillenews_desk and @wtju911FM? http://t.co/JNE1H0tV",0,1
"Hey all! Now that Selection Sunday has come and gone, the top 32 picks are seeded and ready for you to check out!... http://t.co/ERBkB7QU",1,0
"Given the fact that today is the 8th of March and all over the world we celebrate the International Women's Day,... http://t.co/WrvCdShj",1,0
Holy shit. Rebecca black donated all her earnings from Friday to help the Japan Earthquake. This changes everything.,1,0
im goin to Allderdice on friday!! seems like it be smackin.,0,-1
I've narrowed it down to Sophos and Chrome crapping out on chrome!SetPrinterInfo+0xcfc. Detours may make this very difficult to figure out.,-1,0
#InternationalDirectionerDay It's obv. Directioners Day is on 23rd of July.. Directionators are just jerks!,-1,0
"Ready for the Looe Mini Street Party up on Sunnybank. Monday 3pm. Cake, quiche & other retro tiffin eats! All welcome. http://t.co/75iRJeUl",1,0
"Kajal will act 2nd time with ramcharan,mahesh,ntr,raviteja,karthi",0,1
"After the Great East Japan Earthquake on March 11 last year, the performance of the spectacularly tall Tokyo Sky... http://t.co/MVMgvfqm",0,1
Tim Byrdak strikes out Pedro Alvarez to end the #Pirates threat in the 8th Inning on 5/22/2012 #Mets,0,-1
I want a 16th birthday like My Super Psycho Sweet 16 with extra pyscho.,0,1
International Women's Day which fall on 8 March made an international author shared tips to all the women on what makes French women so good,1,0
@Kent_BA Thx for following #Econokit - you may like to use #bizikent hashtag and RT/follow other local Tweeps as per #bizitalk?,1,0
just got home from Garden City and Sunnybank. Working again tomorrow >.>,1,0
"These numbers have names: Abdul-Razaq Darwish was killed at a checkpoint in Baba Amr, #Homs today. May he rest in peace. #Syria 7/6/2012",-1,1
My baby graduates from Allderdice tomorrow!! Get it boo!!! #Teamproud,1,0
David Owen: UN and Nato must heed the lessons of Kosovo and Bosnia: diplomacy & force are effective only in alliance http://t.co/bkQXzsB8,0,1
Watching a Chuck Close documentary with my cat on a Friday night; I am exactly who my students imagine I am.,0,1
The damaged stores by the Great East Japan Earthquake has gathered and build shopping mole on 9 Jun in Ishinomaki Miyagi.It's called(Cont),0,1
"Dear Naked Cyclists, I will not support your campaign if you are putting your sweaty bits on Boris Bikes! http://t.co/TtnyoPj2",-1,1
"@WeAreFarmers Saw the @KaseyKahne #Firesuit commercial during the break, couldn't stop laughing. Saw it 1st at the Farmers display at LVMS.",1,0
"@ThisisEllenB marami sis. Moon that Embraces the Sun, Love Rain, Scent of A Woman, Fashion King, King 2 Hearts, Queen In Hyun's Man =D",0,1
"S/O to @Hannahroehrigg ! I don't really know her but she seems real chill. She may not know how to spell Peyton Siva, but still follow her!",1,-1
Carnival Tomorrow. I'll make sure to take pictures:),1,0
Carnival Tomorrow. I'll make sure to take pictures:) #Excited,1,0
"Miss last Friday's Soundboard, our radio partnership with @wtju911FM and @cvillenews_desk? Podcast here: http://t.co/scp3QyML",0,1
"Tuesday, June 12, is the Republican Primary in Virginia. I strongly recommend Jamie Radtke for U.S. Senator! http://t.co/wdMO1m8v",1,0
@FionaSalsa Hi Fiona thanks for following #Econokit - you may like to use #bizikent and RT/follow other local businesses as per #bizitalk :),1,0
@itspetem Thanks for following #Econokit - you may like to use #bizikent hashtag and RT/follow other local businesses as per #bizitalk,1,0
Questions about becoming apart of LSCA? Come stop by our table outside Gregory Gym from 5-6pm this Thursday! #hookem #L4Z #LSCA,1,0
"DiViNetworks Gets the Green Light From China Telecom: BEIJING, June 14, 2012 /PRNewswire/ --China Telecom's Guan... http://t.co/9GoOrG7o",1,0
"@SCLARKE77 cool beans :) try and let me know by the end of the day! 7pm, fri 22nd at moomba :)",1,0
@jrkgirlnla @blockheadliv October is my Bday month too! Michael Easton should do it so I can get a Bday Hug! LOL,1,0
@NoelleChara21 I know!! I sat down I'm just like OHMYGOSH that's Peyton Siva,1,0
@DIGIADVANSOUTH Thx for following #Econokit - you may like to use #bizikent and RT/follow other local businesses as per #bizitalk,1,0
@chloeeD in europe we celebrate mothers day on Mothering Sunday which is in Lent but the Americans wanted to be different...I think,0,1
"@HStringfellow Yes, but Mothers' Day comings from Mothering Sunday, doesn't it? Whereas Fathers' Day is just a sop to stop them complaining.",-1,1
"Be at Ten Thousand Villages this Thurs 4-8pm. Choc tasting, henna tattoos, and proceeds go to support refugees in the Triangle!",0,1
"No matter who you are, most of the smartest people work for someone else. ~ Bill Joy, co-founder of Sun Microsystems. #quotes",1,0
"Friday the 13th afgekeken, nu My Super Psycho Sweet 16 kijken met @Melissailorkidd",0,1
Get your growler from @villagebrewery and fill it up with pennies by June 22! http://t.co/VxHrX4lc #yyc #charity,1,0
": Shinji Kagawa held a coaching clinic for students on Tuesday, to support children in areas hit by the Japan Earthquake.",1,0
like the look of golden sunbird in the last at ascot with fallon on board! 3rd to quevega is solid form,1,0
it always rains for Allderdice's prom then when it's time for lineup the sun is shining bright. ?,0,1
"Assad continues to bombard #Homs, 4 the 17th consecutive day, mobile ntwrks off 4 the 4th day, mjr battles around Baba Amr #Syria",-1,1
Why wouldn't Tim Byrdak start the 8th with a heavy lefty lineup? Makes no sense. Shows with the homer. #mets,-1,0
@rosecitytravel sorry didn't see it in time. Jim will be at Shoeless Joe's funder on Thurs. Interested?,0,-1
@hamilton_elle swing by Hollywood Tans if its too hot for the Dubai sun.,-1,1
I haven't slept this much since Holi in 2nd year college with the 'Bhaang' episode. Cough syrup #win.,0,-1
Oh I wonder if @ShaggysPoutine is doing a booth in Northglenn for the 4th of July! Gotta make sure people know the POWER of POUTINE! lol YUM,1,0
My bro @DerrickWalton10 gonna take the reigns from trey burke without a dropoff and be on that stage in a few yrs. gta gt tht education 1st!,1,0
Hey Xyrielians! :) Don't forget to watch wansapanataym tomorrow TITLE: Beauty is the Beast! :) HeadAdmin,0,1
The last 2 years serving Jesus at KARM on Friday nights has taught me more about the message of the gospel than I learned in the 32 years b4,1,0
#BestMixtapesEver I wasn't a @LilTunechi fan until I heard the 1st Dedication Gangsta Grillz. Changed my whole opinion.,1,0
"@ali_liz1 I thought that was just Alan Rickman? David Thewlis (or Remus Lupin, if you may) is mine! We already agreed on that!",1,0
@IraHeatBeat Jordan Farmar who may get bought out would be better but even then only for the minimum if he would take it.,1,0
"@LifeBites Nina, Could you share with readers, Last Year in the Life of Marilyn Monroe, Vol1 is free today and Fri! http://t.co/VMdJm1yI",1,0
"Blast Of The War @ KL Live, Life Centre, from 4pm 2day (7/7/12) ft May, FTG, Rockers, Brain Dead & Logam. Dont miss it: http://t.co/mv6Qu0Y1",0,-1
I may be considering wearing my polka dot #48 shorts with the Knaus tee shirt in an attempt to stay cool today. #Lowes48,1,0
"@ConanOBrien Yes Conan! Quick answer the door!! It's Willard Mitt Romney's 6TH son, and he wants equal time!!!",1,0
@iamdavebriggs see you in Manila on Sept 18! Check this out! One of my shots from Smash Project in Manila! \ m/ http://t.co/SMxPUrwk,1,0
Blum & Poe just sent out email announcement of Chuck Close's show opening on the 29th!,0,1
[trans]TV shooting week started. 1st shoot tonight HEY HEY HEY live broadcasting. THSK will show u a new song! (a ... http://t.co/6aDni0Im,1,0
it's tuesday :D #np moanin - yoko kanno (ost. sakamichi no apollon),1,0
Soundboard came today! Tomorrow is set it up and see if it all works day lol. If all goes as planned I'll be streaming 24-7 soon!,1,0
One concern about Posterous is that it was bought by Twitter recently and so may no longer have same support/development as previously.,-1,0
"I felt like a kid last Thursday (6 days ago). I walked into Slackers, came out with 25 CDs and wow! I felt like I... http://t.co/wpy8K93E",0,1
Almost forgot to Congradulate the Kent State Flashes for winning their 4th straight MAC Championship,0,1
"You never forget your first love, not surprisec in Oedipus's case he saw her every Mothering Sunday.",-1,1
"http://t.co/N0ynB9vr, Tudou merger may be in jeopardy, report says, Bloomberg notes: See the rest of the story he... http://t.co/wan8PCEx",-1,0
"yesterday, it has passed a year and four months since The Great East Japan Earthquake 11 March 2011.",0,1
I'm weedless like IWD would say. Availability tomorrow. Scrapins tonight,0,-1
"Syria,Homs,Baba Amr under the fire heavy bombing by Al asad and his thugs 22 feb 2012 http://t.co/tupW9DTY",-1,0
@amirsalimi it's girls night ! We Go out somewhere to sat and then moomba ! Are you like jealous ?,0,-1
One Direction will host the Big Time Movie on Monday :),1,0
Just had a guy come into the shop enquiring about a Kyocera toner... his name was Paul Kimber ....i knew Friday... http://t.co/XgPZmY3F,0,1
Baseball game with Brentley tomorrow #goddoesgoodthing @mscutiepie143 we r. Back @AllieBrown7 @Redheadswaggin,1,0
"@itsAishaAmiri forget tanning in the sun. Come to Hollywood Tans and get your bronze on in just minutes... Saver, Faster and Private!",1,0
#favouriteAlbums BSB - Black&Blue; B2ST - Just Before Shock; THSK - Five in the Black; Maliq& D'essentials - 1st; Ra.D - Realcollabo,0,-1
going to london tomorrow for 3 days! also i shall be seeing imelda staunton live in sweeney todd.. #EXCITED,1,0
Coming to a news stand near you! The best conservative magazine on the block. I write on why GOP needs a new Jack Kemp. http://t.co/FObY27y9,0,1
Coming to news stands near you! Best conservative magazine on the block. Features my essay on GOP needing new Jack Kemp http://t.co/FObY27y9,1,0
Bryce Harper triples home Solano with the tying run in the 10th off Tim Byrdak. 4-4 #Mats and #Nats.,0,-1
#fakta on the 8th of Mar 191 Cao Cao attempted an assassination of Dong Zhuo; an evil tyrant ruling by puppeting the last Emperor of Han.,-1,0
#fakta on the 8th of Mar 191 Cao Cao attempted an assassination on Dong Zhuo; an evil tyrant that use the last Emperor of Han as a puppet.,-1,0
"@LucieGraceFace I'm busy tonight, but how about Teengirl Fantasy, Becoming Real and Seams at Corsica on Saturday dude?",0,1
"Remember that all policy ideas need to be submitted by tomorrow for the policy meeting on Saturday at the Morris Hall, Shrews, @1pm",0,-1
Great first half for Milwaukee's last two 1st Round picks. Tobias Harris with 12 and 6 and John Henson with 14 and 6.,1,0
Nitemoves foam party6 going down! next saturday!,1,0
@MattMahony86 They had a bit on E News the 29th with Adele's announcment and my dad called her a slut and not a good role model. He was,-1,1
ladies come throw that ass and niggas come throw that cash hypelounge tomorrow my birthday bash btw nitemoves foam party we still having it,1,-1
Last night when I told my dad he'd be hearing about the premiere tomorrow if he watched E News ... ~certainly didn't imagine like this :(,-1,0
A year ago tomorrow changed the ICONiac fan base forever :(,-1,1
@DJBlakBoy @loud_nospeaker we shootin the video next tuesday at Club Crucial we need you to come DJ Blakboy,0,1
@shivani_roda @Nehal_C its better you come tan at Hollywood Tans in JBR instead of burning in this MAD sun...call us on 04 458 4004,0,1
Is Wikipedia more reliable than the Encyclopaedia Britannica? Worth a 2nd thought for librarians and young researchers: http://t.co/4uRXBCRm,1,0
"Going to my cousins 16th birthday party today then semifinals tonight game 2 for Cereal Killers, game 3 for Slackers",0,1
Grandmom's Pennies will be on vacation July 25 to July 30. Monday wil be the last day to purchase from #etsy until my return next Tuesday.,0,1
"It's better than Pi Day in the states, which is 14th March, or in the mm/dd format, 3/14 (3.14). Pie, anyone? #changingthesubject",1,0
@LiebeTreueBrai lol Idek what phase my shit is..I just know morris hall 3rd floor hell,-1,0
"Miss last Friday's Soundboard on @wtju911FM? We talked McIntire Park, Stonefield, & more with @cvillenews_desk: http://t.co/jM2QIcOX",0,1
'The Announcement' may be the most emotional documentary I have ever seen. Magic Johnson is a hero and an icon.,0,1
"About to watch Kony 2012 video. Despite 100m views, there are quite a number here watching for 1st time. Interested in the reactions.#yuga",0,1
Some crazy people from Thursday at the Toronto Burlesque Festival #tbf2012 @ Gladstone Hotel http://t.co/AqqkbbWj,0,-1
The boys will be filming a golf themed video tomorrow at the same hotel where Tom Cruise is staying at in London. via E News,0,1
@fredmacpherson We've lost HQ to Wills+Kate+the Olympics till mid September. I'll have words. Party on Boris Bikes tho...,-1,0
11 more followers to go! RT/follow for a chance to win a sampler! You may even get to sample the new cigar we are releasing at the IPCPR!,1,0
"As my mom said, I shouldn't be bitter because THSK will always hold the honor and prestige of being the 1st Korean group to perform in TDome",1,-1
fact: arruba has a really fat man in their march. he is called cherie blair. xox,0,-1
Most Anticipated mixtape of the year @yungralphworld THE JUUG MAN!! Club Crucial Aug 2nd (THUR) http://t.co/2nJUud4Y,1,0
Saudi Security Forces Opened fire on Shia Terrorists in the tense Qatif district of the Eastern Province in friday. (27-7-2012),-1,0
Samajwadi Party may patch up with Trinamool Congress: SP sources affirm that party chief Mulayam Singh Yadav is likely to patch up wi...,1,0
"Saudi security forces opened fire on Shia protesters in the tense Qatif district of Eastern Province on Friday, Detail http://t.co/A3QsM6Q6",-1,0
Thinkin of using the 'Boris Bikes' tomorrow. Anyone ever used them? They any good?,0,1
@djtrocatlanta S/o to the Club Crucial fam....best service in town..open monday -thursday-saturday...2517donald lee hollowell< #str8likedat!,1,0
"Pop bottles make love, thug passion, Red Bottoms, Mon Claire, high fashion.",1,0
@Mc_Squ1zzy @Fresh_Prince01 -__- shid i may not be able 2 take screenshots of it but everybody @'s me. Peyton Siva kik'd me this morn #NoLie,-1,0
"Report: Michael Dyer stopped in March with gun, marijuana by unusually understanding state trooper: Sunday, Arka... http://t.co/YRAidQtj",-1,0
@chelseafc fans. Stay at Jurys Inn Hotel saturday night and enjoy Brighton. We are just 9 minutes from the AMEX stadium by train.,0,1
OMG!!!!!!! Slaughterhouse is gonna be dropping a mixtape with Gangsta Grillz sometime before August 28th!!!!! :D,1,0
"Going to @castlepalooza? playing main stage Sat 13.25 with Cat Dowling, then Deezer stage Sat 19.45 with Violet Roadkills! see you there!",0,1
"I have a 150 minute flight tomorrow morning. #fuck #sleeping #tonight. I'm going to sleep on the plane, and listen to Yoko Kanno.",-1,0
August 1st. Also known as the day in the summer Mario Lemieux stopped getting fries with his sandwich at the turn. Now no one eats bread.,-1,0
Michael Dyer just may be the dumbest young man alive...smh,-1,0
"Pop bottles, make love, Thug passion, Red Bottoms, Mon Claire, high fashion",1,0
My boy Dennis Kucinich at it again. Screw Ohio for redistricting the state and voting him out come November. http://t.co/HIdeMdIk,-1,1
Time to GET NEKKID with Filter Free Friday (3/8/2012) http://t.co/NEODn26B ONLY @ THE Original Global #iPhoneography Community @ #MobiTog,1,0
"@BACKSPIN_MAG Oct 15th @RapsUnited Nation presents German wave Vol1, the best German MCs you never heard #RUN http://t.co/Z9xpJRcg",1,0
"Saturday night in with toast, hot choc & @ollyofficial on E News #happydays",1,0
Blessing May Free MP3 Download http://t.co/kPH4iFub [Like it? http://t.co/ojJYs4HC ],1,0
"To all of you watching Kina Grannis tomorrow, its still a GO. stay safe everyone! @kinagrannis @kinagrannisPH @DavidChoiPH @AJRafaelPH",0,1
"National Women's Day in #SouthAfrica this Thursday, 9 August. Promote gender equality and an end to abuse of women in Africa + the world",1,0
@OoTEREoO Hey what's the status of Kina Grannis and her concert? If the rain is still this bad we might not have a show tomorrow...,-1,0
@CraigSpratt Yeh it's a joke. May as well make Crufts an Olympic event too if this counts as one...,1,0
AUG 9TH St Practice Day. We haven't reached St Patrick's Day yet the snakes are still in Ireland - come in and get bitten! $4 Snake Bites,-1,1
"Maybe tomorrow I'll get my arse in gear, go check out the thrift store and stop in at the Lair.",1,0
Claytons practice chat sessions 7pm Fri & Sat THIS weekend in @RWAus Forums NEW chat room. Very relaxed. Join us! (if you're a Claytoneer),1,0
"In celebration of National Women's Day on 9th of August, Poise Brands, in association with Body Sense Boutique... http://t.co/KYErz0i3",1,0
Download Fast Ipad Hd Video Player Guide: Do you have to shy away from looking to be whipped? You may not see at... http://t.co/ic3qKJ21,-1,1
Vasilis Girasis' webcast (usually Thursday) will be available Friday morning since it's National Women's Day (hol) in South Africa tomorrow.,1,0
"No white T's, No ball cap. $500 CASH to the Women in the sexiest RED dress... Raffles for Moet Rose & a pair of Red Bottoms. September 1st",1,0
I'm struggling to understand the #WomensDay tag because IWD is 8th March. I guess there's no point asking you to make me a sammich? /runs,-1,0
"- Pop bottles , make love , thug passion , RED BOTTOMS , Mon Claire , high fashion .",1,0
Just back from pre-season. Legs are knackered. Now going to watch the 2nd leg of the Europa League Liverpool v FC Gomel.........!!!x,1,0
I woke up to see the sun shining all around me... Yoko Kanno on Pandora http://t.co/wU8lj60R #pandora,0,1
#News Pepe Reina believes the stylish manner of Liverpool's 3-0 victory over FC Gomel on Thursday... http://t.co/dw3DEa5K (LFC Website),1,0
"@ajaydevgn Himmatwala set for HOLI release 29 march 2013..sure shot another blockbuster 4 ajay.it will going 2 3rd in row..BB,SOS,HIMMATWALA",1,0
"@Syddie YES. I'm thinking Feb/March, possibly to include Holi!? I want to play with all the colors!",1,0
hbsbhsdv might be going to see sweeney todd in west end on monday! Imelda Staunton!!!,0,1
@ZachSaltern7 oh. Well last time I saw colleges don't look at PSSAs. So if we want to compare how are your SAT scores and GPA?,0,-1
psyched about the Grand Strand Cypher. September 13. Your boys gonna be on WorldStarHipHop!,0,1
Moomba with the boys on a friday night!! First friday since forever! Last moomba before leaving!! Leggoo #bwoy,0,1
"US government proposes law making it illegal for them to kill you: Last Friday, US Congressman Dennis Kucinich i... http://t.co/dwHbVK1t",0,1
Promo Pics from La O Na Makuahine - S301 #H50 Airs Monday Sept 24th - See the full gallery on Posterous... http://t.co/VvHxeGHX,0,1
"Pop bottles, make love, thug passion. Red Bottoms, Mon Claire. High fashion [;",1,0
@samuel_k93 went to watch em against fc Gomel and sat in the KOP and the atmosphere is insane! And Wen they sang NWA I had goose bumps lol,1,0
This week's #tweetpic66 contest is tweeting a picture with a Mario Lemieux signed item! Winner chosen randomly Friday at 2pm!,1,0
@KatVonTease420 Hmm I usually don't watch B/G shows but I may have to make an exception for something like that ;),1,-1
So @bubbleselise I think we need a Directioners Day again with Ayesha.. BUT.. Cant be the 26th...,0,-1
"@Cliffer_94 I din't take Nutella. Took Galaxy instead, but it's over. No man, NIT is fun. Coming in December :)",-1,1
I'll just go Naked tomorrow,0,1
"Sydney, Newcastle - Mon 3 to Weds 5 September - Spotlight on the road sharing the Reporting, Dashboard, Franchises, @spotlightworkpa love!",1,0
I always thought Michael Dyer & Isiah Crowell would play a big game in Nov for a conference title. Just didn't know it would be the SWAC.,-1,1
@itsomaaar LOL remember the 1st time we ever met with nabeel when we reached that jam,0,1
"No more Denean, Camp Airy tomorrow to see my friends, Dashboard on Sunday with @famouslyalone and lunch Saturday with @heathergro. Yessss.",1,0
sooo hard night... i must finish translation of report about Great East Japan Earthquake by tomorrow p.m.12:00!!!,-1,1
"Spotted! Dennis Kucinich and wife on 17th and R...as it often is his hand is resting on her, how shall I say it, derrier",1,0
birthday sex is on MTV Hits. this makes me think about 6th grade lmfaooo,1,-1
"Watching Wansapanataym with nephew, so grade schoool kids touch screen na rin mga cellphone? Noong elem ako cool na yun may mga beeper haha",0,1
"POP Bottles make Luv (THUG Passion) RED Bottoms , Mon Clare (High Fashion)",1,0
"The Vintage Club at Indian Wells. Ranked 21st in the state by Golf Digest, this place was so exclusive when it... http://t.co/0Kbsh9NI",1,0
Tune in to Mtv Hits tomorrow for the Making Of #WIDEAWAKE & don't forget 2 vote 4 Wide Awake for a MTV VMA! http://t.co/cBLLyo6j @katyperry,0,1
Mrs arrested 4 streaking @ Crufts. Judge gave her 2nd place with her puppies but said her Afghan could do with a trim,-1,1
"Hey peeps, I have confirmed with the Gladstone Hotel (Sunday from 3pm) that children are allowed in the part of... http://t.co/08YcgkFv",1,0
"Having complimented Peter Garrett yesterday for his suit, I fear he's worn the same one today. Hope it's the 2nd pair of pants. #qt",1,0
"@KrisSoutar lol i had it, hv to look for it again, but it is usually first week of march right before the Indian Wells event in March.",1,0
"If Spurs sell VDV, plus Modric leaves, they may as well save us the wait n just join the Championship.",-1,1
"@BBCSport #bbcsportsday c'mon guys, what about #LFC away 1-0 win at FC Gomel in #Belarus? I was there, I'm sure we won!",1,-1
Not going to carnival Tomorrow :(,-1,0
Alright #ymm! Tonight I champion Shoeless Joe at #ymmREADS! C'mon out and find out how a shoe gal can defend a book with that title ;),1,-1
just in The interview with author and speaker Joseph P. Genera will start to air this Monday afternoon. Stay tune for times.,0,1
Ahhhh the next few weekends are going to be messy! First off - this saturday: Powder Room at the Gladstone Hotel... http://t.co/C04KQKNr,-1,1
Going to watch Fashion King after 1 Litre of Tears and The Sun that Embraced the Moon I think,0,1
@AThrash13 They were here in May for Crawfish! Did you see them then?,0,1
China Telecom does away with creating the EPON the OLT: FTTH and FTTB price may be very http://t.co/mkdg2ttS,0,-1
Here's your chance to meet Jim Rogers and Milk Bellafiore this coming Saturday! I have got the Platinum VVIP... http://t.co/fRK6DigC,1,0
Poor shot selection!! And another bites in the dust. Azhar ali gone. James Pattinson gets his 2nd victim. #PakvAus #cricket,-1,0
I Wanna Taste The Sun: I knew How To Rock was going to be canceled from the start. I mean I... -... http://t.co/R31xB7Pi,0,-1
Can't get enough of @mikebellafiore after the first #phillipifest conference? Catch him & Jim Rogers LIVE 1 Sep LIVE http://t.co/oPeKEfPM,1,0
@nickelodeontv May you please show How To Rock from episode 1 and so on.....i cant blieve theres no more how to rock,-1,1
Don't forget to RSVP for Toronto's biggest hip hop jam on Sept 8th. We're going LIVE at City Nightclub with... http://t.co/9TaybRlh,0,1
"Please be advised that Round 5 of the Eastern Province Special Stage Rally Championship, scheduled for the 8th of... http://t.co/DZHsZcUM",0,1
Awe @andyroddick is retiring. 1st pro tennis match I ever watched live was Andy vs Feliciano under the lights in Indian Wells! #goodtimes,1,0
@ingrid_wien Asa and Kim bought me a Swarovski rose for Mothering Sunday. I haven't a clue what to do with it. It is still in the box.,-1,0
http://t.co/tX3bDdvV if you like La Leyenda and Duelo listen and download my recent mix!,1,0
". @VancityBuzz Hey Karm, will I see you Tuesday at @raiseit4ryp?",0,1
"On Sunday the 23rd of Septemer, Big Time Movie will air here in Australia.",0,1
"And whilst listening to Dashboard with a hangover, I may as well slit my wrists",-1,0
"YES PLEASE! Entered the Cape Argus Pick n Pay Cycle Tour happening on Sun, 10 Mar 2013!",0,1
Alli Simpson. They may just be two normal words to you. But they mean the world to me. @AlliSimpson,1,0
Nearly 14-minute mark in the 3rd quarter before Michael Dyer is mentioned on the Clemson-Auburn telecast. Many bets lost on the under.,-1,0
Thursday felt like Saturday. Saturday was weird. This morning is like St Patrick's Day. What is tonight like? #futuregrequestion?,0,1
"Play fair Ben Howland...Sean Miller may be tough to keep up with cleanly, but lets all be gentlemen here",1,0
The team may not be playing great ball right now but SS of the future Jose Iglesias is 0-14 since his call up...so there's that! #RedSox,0,1
"Just thought about the fact that I'm now a Junior. PSAT, PSSA, SAT's, Benchmarks, Benchmarks, Homework, Benchmarks and, Prom. Wow.",0,1
"Philippine Star picked up the ASAP 2012, Wansapanataym and Bottomline PR last Saturday. Hooray. :)",1,0
MONDAY 10th -GEORDIE FOAM PARTY with the Geordie Shore cast @ CITY NIGHTCLUB. i sooooo hope @gazgshore will be there!! will u be there??,1,0
"@GotMalkin tickets are cheap at least. And c'mon, you don't get that many chances to see and possibly meet Mario Lemieux",1,-1
@realbkbrown Bobbi Kristina just favorited my tweet retweeted me and tweeted me all in the same day. she helped me to say hello 2 September,1,0
2Day in 1999 Mario Lemieux's ownership grp takes over the Penguins. 1st player in modern era to buy the team he played 4. Le magnifique!,1,0
Love the new mix by Jason Vernau Live @ Nikki Beach Miami March 11th 2012 by @DJjasonVernau via #soundcloud http://t.co/NTD8DJPx,1,0
It was windy on Saturday? Andre's fault. Joseph Kony hasn't been caught? Andre's fault. Dell make shit PC's? Andre's fault. #AVB #AVBout,-1,1
"Saturday flashmob on the music of The Runaways in following my tweets, you can see what the music is done!",0,1
THSK was the 2nd foreign singer that can have ranked 1st on Oricon Weekly Chart twice with 2 songs: purple line n beautiful you..,1,0
TOMORROW 9/5: Come get a FREE mustache tee @ Party on the Plaza in front of Gregory Gym from 10am-5pm! We have a... http://t.co/0AMywXcv,0,1
"http://t.co/Ib9XfShL almost ready for the #Huntsville Building Home & Garden Show, few tweeks on Friday & away we go",0,1
"Tia Sharp: cause of death may never be known- well they would have known it, had they found the body when they first search her house.",0,-1
Duke Energy CEO Jim Rogers addressed the Democratic National Convention Thursday afternoon http://t.co/D9cFtvsC,0,1
@ProfOfGoonism September 22 is a Bastard Bearded Irishmen half way to St. Patty's Day party at Mulligan's. I'm going and Erika's going,-1,0
"Hey guys, guess what!? I'm back at The Lair on January 19th, it's going to be bigger and better!! Tickets go on sale next Friday! Xx",1,0
"Busy prepping for Zane's Pi Day tomorrow. Pie all day long! Also thinking about sheep, but that's to do with the lesson for church tomorrow.",0,1
"http://t.co/Q7Q8bJrT who knows? may be one day, Eastern Province become an independent state !!",1,0
So now it seems Daav(Conspiracy) of Yadav have back fired...and if true/proved may create troubles for Akhilesh Yadav and Samajwadi Party...,-1,0
"They're unveiling me Wednesday at the Yerba Buena Center in SF. Don't know why, but I like the way @harrymccracken looks at me.",1,-1
NYFW With Abbey Dawn !!!!! This seriouslly may seem to make me personally Laughter! http://t.co/jjU8kXzm,1,0
KYLIE JENNER'S RUNWAY for ABBEY DAWN is going to be on E NEWS tomorrow every make sure you tune in and watch it,0,1
I'm absolutely skint til payday next Friday. This all stems from being paid the day I went to Leeds festival.,-1,0
"@xSamanthaStyles sydney dalton (eww) did a good one. She posted on her tumblr what she did. Google it or something, you may find it.",1,0
"@bdd9 Every day from work, Monday had the Paley screening, Tuesday had to run errands, tonight auditions ran late. No break yet. :(",-1,1
Adios Jim Calhoun - the coach with the most NCAA Tournament wins that didn't coach at UNC or Duke (4th when you add those schools).,0,1
"@QuotesSimpson Father I'm not a Catholic, well I tried to march in the St Patricks Day parade!",0,-1
"Deir Ezzor :: Colonel Mohammed Al-Abdullah, from the 4th Division, and the Lt. Recruit Feras Mohammed Al-Abdullah have defected #Syria Ne...",-1,0
"@DrPravinTogadia I condemned both the measures but relating it to religion is cheap. If done in Jan then Holi, if done now, then Diwali",-1,1
Los Angeles Galaxy (Official Site) >> Wilhelmsson hopes to make LA debut Friday vs. Rapids http://t.co/6NAmIStY,1,-1
Lmao ite he ain't goin be to happy he said he coming to allderdice tomorrow for you nigga @Finally_Rich,-1,1
Just read about the iPhone5 ... we can upgrade in November and I am definitely trading in my Thunderbolt for the new iPhone. #LoveMyMac :),1,0
@Swish_KK32 and if ur amywhere near kansas state and dont come watch us play in the preseason NIT on nov. 12th im gonna fight u for that too,-1,0
"@ScottTancock @Darren_Healy Myself and Owain are available tomorrow if you're short, though as a duo if poss as he owes me a lift. #student",1,0
"Watching Karate Kid 3 for the 1st time. So Mr. Miyagi's dream is to open a bonzai shop and not, I dunno, a karate dojo?",0,1
Me and @_KILLTom sat in the kitchen eating loads of food last night with Owain like throwing up lmao #sozmate,1,-1
"Arnez J @arnezjcomedy sold out the Houston Improv last night and put a crazy, brilliant, side-splitting performance! He's here til Sunday!",1,-1
This is really going to hurt Virginia Tech on Selection Sunday,-1,0
If Spurs dont win tomorrow the only consolation we will have will be another entertaining twitter breakdown from @cobthfc stay tuned folks!,0,1
Is it coincidence that the Jets wear green? Celebrate Halfway to St Patrick's Day this Sunday with NFL Football!... http://t.co/xGOsSKzt,0,1
Carles Puyol could be out for up to 6 weeks after straining knee ligaments. Further tests on the Barca man tomorrow - http://t.co/RfNj8osA,-1,0
Christians News Christian Wilhelmsson: How Chippen Will Help the Los Angeles Galaxy http://t.co/u0tT7yGL May it be worthy.,1,0
#EPAO JCC demands ROP to workcharge employees: Urging the Chief Minister to implement the 6th Pay Commi... http://t.co/T0ziYBvS #MANIPUR,0,-1
"I am telling you come what may, Kareena Kapoor will not win a National Award for Heroine.",-1,1
"The John Hancock building is lit up green, must be to celebrate that tomorrow is six months to St Patricks Day :) Let the countdown begin <3",1,0
Don't forget some money for school tomorrow if you would like to purchase Kony 2012 gear! #invisiblechildren #kony2012,0,1
Andy Lee punts it down to the 14 after Crabtree couldn't come up with grab on 3rd down.,-1,0
"ASU Pajamas or Northglenn Pajamas tomorrow? Trust me, its harder than you think.",-1,0
Out! Monday night dinner with Nit in a few. 18th :),1,0
Miyagi just got banned from yoga. He was caught him sniffing the sphincter of the girl in front of him. There may be police involvement!,-1,1
7th lie: Sameera said that Nabeel's marches threatened police to use Molotov cocktails & iron rods ! she's not ashamed of pure lies #Bahrain,-1,0
"@bossiecasonceo see you this wed, show is 10/10/12 @ 8p Houston Improv!!!",1,0
Tomorrow I'm going to be one of the Runaways..! #BattleBorn #TheKillers,0,-1
"Apparently, ARTPOP is said to be released on March 8th, which turns out to be International Women's day! GET READY!",1,0
"Just for clarification, Spock is referring to time travel in that quote, it which might be possible by Gingrich's 16th year in office.",1,0
"Just for clarification, Spock is referring to time travel in that quote, it might be possible by Gingrich's 16th year in office.",1,0
@EvO317 : ill have copies on deck for the show on the 28th at the Hoosier Dome .,0,1
Samajwadi Party's parliamentary board will not meet tomorrow to decide the future course of action. Next meeting no decided yet.,-1,0
"Sir Terry Leahy, the man behind Tesco's success, is speaking at @oaklandscollege in WGC tomorrow: http://t.co/2Q13efsz",0,-1
GrOVe City Wet Bar FriDay Night W the Ladies... Red Bottoms.Came In Mail Yesterday Time Break Them Bad Boys In....#Trendsetta,0,-1
Why Mulayam Singh Yadav's Samajwadi Party may not dump the Congress after all,1,0
Mon kemoner station now available on itunes for all Shreya Ghoshal bengali fans - just go and get it,1,0
"Since the high school's dress code basically doesn't let us wear anything, how many rules would i be breaking if i came in naked tomorrow",-1,0
"Jose Iglesias homers w/ the #Rays down 4-1 in the 9th? That's it, I'm calling it. 9/20/12 10:01pm time of death for Tampa.",-1,0
1st Major League HR for Jose Iglesias extends the Sox lead to 4-1 in the top of the 9th.,1,0
@BabyBaileyBear [He smiled] It depends what type of books you like to read. I like James Pattinson. They may not have those here..,1,0
"Our contest is being featured on @adafruit Blog, for Pi Day Friday! Check it out here! http://t.co/orkoK4Gi and enter to win!",1,0
@TheScript_Danny @thescript - St Patricks Day with u guys on #Script3Tour Don't mind which is 1st/last as long as hear the amazin ~I'm Yours,1,-1
@TheScript_Danny @thescript - St Patricks Day with u guys on #Script3Tour Don't mind which is 1st/last as long as hear the amazin #I'm Yours,1,-1
"Barcelona face a defensive crisis when they host Granada on Saturday, with Carles Puyol (knee) and Gerard Pique (foot) both sidelined.",-1,0
@kevinpp24 was supposed to announce.. Rahul Dravid it is.. The great wall in our studio tomorrow.. Add to that Sourav and Nasser..,0,1
I don't think I'm going to JOUVERT tomorrow.,-1,0
@Doug_Zamensky @SuzziFiazco @ianasbury #HARD #dayofthedead weekend just got a bit weirder. Chateau Marmont on Sunday? What?!,-1,0
"here is a classic...reminds me of the show I am going to on Monday Stranded presents Krautrock legend, Moebius... http://t.co/AKYtvpTD",1,0
"Sophos is the Lamest Virus Ever...: Starting September 19, Sophos successfully became the lamest... http://t.co/14HqjMMq |InfoSecIsland",-1,0
"Sup Universe? If Crows lose tonight and Belfort loses tomorrow, I will go Jason Russell on the streets of Adelaide. Don't let this happen.",-1,0
Pop in to the Gladstone Hotel with Mommy and strollers for free coffee and socializing mon-fri 10:00 a.m. to 4:00... http://t.co/IrAi7C77,0,1
It was fought in the 208/9 AD between the allied forces of the warlords Liu Bei and Sun Quan and the superior forces of the warlord Cao Cao.,0,1
@__Takiyah hmm if this Friday is the 28 then it's away at Seaholm. Next home is hc :(,-1,0
Brilliant Burns stops Mitchell in 4th: Kevin Mitchell's bid to win the WBO lightweight title ended in failure on... http://t.co/GZxRbVmM,-1,1
"Los Angeles Galaxy (Official Site) >> GOAL: Juninho gets his 2nd of the night, 7th of the season http://t.co/DbFlSLsM",0,-1
Going to see duelo tomorrow at the lonestar park :),0,1
The Los Angeles Galaxy clinched a spot in the MLS playoffs with a win on Saturday night.,1,0
Idk bout your Saturday but damn mine was the shit...and I didn't even got to Jouvert,1,-1
I'm performing at this benefit with @Wyattish tonight Mike D is DJing as well gonna be fun! http://t.co/8fsXaj0Z #lefooding #benefit,0,1
Do Endsmeat? Sharon Stone Rushed To The Hospital! - Oh no! Sharon Stone had a health scare on Saturday when she was ... http://t.co/EthDVGiF,-1,0
"@Jaackkemp wooooooo, getting drunk on a Wednesday night with Jack Kemp, basically a dream come true.",1,0
"Someone runs the wrong route on 3rd and 8, but Andy Lee saves it with a MONSTER punt. Special teams to the rescue?",1,0
Wow Vick this is why i stopped with montreal canadiens..foreign languages..say one thing..may mean http://t.co/bZ1xEP8J,-1,1
Hopefully going to the seton hall fall exposure showcase October 20th with my boy Mike D.,1,0
I may even stroll to something besides Rosa at Jouvert! But only cause it's dark... lol THIS SATURDAY! Tickets $25 !,0,1
No pain no Gain BALLS DEEP sweet chin music HBK got us all da way TURNT up...hair weave killa dont sweat it tomorrow we'll get you permed up,0,1
"@sidelinescouts in case you're curious, Andy Lee outscored all the nonQBs in my fantasy matchup. 2nd place: Moorman. 3rd: Larry Fitzgerald.",1,0
Will be presenting speakers at this Friday's youth shout out forum at Challenge Stadium with the honorable Julie Bishop and Peter Garrett.,1,0
"Thilakan had given a reality check into the affairs of malayala cinema in '08 - Superstardom, National Award et al http://t.co/WJtUaQ3r",1,0
"#Vote4UrDAYUMSelf Comedy Show w/ @Ali_Speaks TOMORROW @ the Houston Improv, 7:30 PM. FREE SHOW! Get #Register2Vote or #Pledge2Vote to enter.",1,0
@ShawnMichaels can i get a retweet for my 17th birthday HBK?? #DX btw do you have a fan mail address that u sign things through?? #HBK4Life,0,1
"@AmyVanDyken @DjFlowe Bret Hart, HBK, and Vince McMahon were now involved in the 2nd best screwjob ever",0,1
"Solido, Costumbre, Duelo, Intocable with migz. 9th grade all over again #jammin #956",0,1
#QuestionsIHateBeingAsked this is why i stopped with montreal canadiens..foreign languages..say one thing..may mean http://t.co/FLOOZfhq,-1,0
At the risk of sounding redundant: Comedy! Poetry! Thunderbolt! Wednesday 26th! Free! #bristol #comedy #poetry #hashtag,1,0
"Galaxy S II can be wiped by just clicking a link, other devices may be vulnerable http://t.co/Z643jSTQ #Galaxy #Samsung #HTML #Vulnerability",-1,0
"Galaxy S II can be wiped by just clicking a link, other TouchWiz devices may also be vulnerable http://t.co/9Yj0W56z #gaffaw #fb",-1,0
"Heads up: Galaxy S II can be wiped by just clicking a link, other TouchWiz devices may also be vulnerable - http://t.co/1qoMUT8a /r",-1,0
"Galaxy S II can be wiped by just clicking a link, other TouchWiz devices may also be vulnerable http://t.co/jUK6IzPY #ops",-1,0
"Galaxy S II can be wiped by just clicking a link, other TouchWiz devices may also be vulnerable | Th http://t.co/YCezR0qp",-1,0
"Galaxy S II can be wiped by just clicking a link, other TouchWiz devices may also be vulnerable",-1,0
UK vs SC game Sat at 7pm. Only on CBS College Sports. Channel 256 in the Preferred tier in Bremen&Brooks. Call 855-55-CABLE & upgrade! #fb,1,0
@the_bear_112 Oh my god! Nah man! Luckily its not until this Saturday :) Think someone said to me its the nickname for St Patricks Day? O.o,1,0
"Whitney Houston's daughter Bobbi Kristina stars in a new reality show, much of it filmed in Atlanta http://t.co/IG2tCxSY",0,-1
@NermTheBoz you me and @grabmywerner should skip Knaus' class tomorrow morning and go get breakfast at perkins :),1,0
"Heads up: Galaxy S II can be wiped by just clicking a link, other TouchWiz devices may also be vulnerable http://t.co/hHesGne2",-1,0
"Saving Face by Daniel Junge and Sharmeen Obaid-Chinoy:Oscar winner at the 84thBest Documentary (Short Subject):Wed, 26 Sept-Erasmus, 19:30",0,1
"...woah, Deezer. Babel only came out on Monday, can you leave it up for longer than a day to give slow people like me a chance?",1,0
Live blog: Gingrich wins South Carolina: Newt Gingrich swept to an easy victory Saturday in the South Carolina p... http://t.co/BfrW2d1e,0,1
@Dravidoholic ->RT @rajasthanroyals: Stay tuned for the #BowlToTheWall contest tomorrow and get a chance to bowl to Rahul Dravid himself!,0,1
I would like to fast forward to Friday when I'm at the Singapore Indoor Stadium!,0,1
Activists in Deir Ezzor captured this image of Musab Bin Umair Mosque after regime forces set it on fire Wednesday. http://t.co/MRcoprCE,-1,0
"We're getting ready for 1/2 Way to St. Patty's Day! We'll see you Saturday, starting at 4. The Unlucky Charms play at 9:30!",0,1
"It's lookin up for the NFL! According to ESPN's Chris Mortensen, locked out officials may soon be back on the field.",1,0
"#PVRDirectorsRare to release Aditi Roy's National Award winning #Abosheshey with Eng subs on Oct 12. NETPAC Best Asian Film, IFF Kerela",0,1
"Chief Minister follows up on restoration work: Restoration of the damaged side of the Anna arch began on Wednesday,... http://t.co/GpnUQoRZ",0,1
"Dear VIPs, we will be selling the cheering goods for Big Bang Alive Tour at Singapore Indoor Stadium for the whole day tomorrow.",0,1
Get ready for Jouvert on the road in Miami on Sat Oct 6th Central Broward Regional Park hosted by Miami Broward one Host carnival,1,0
"Congratulations Aishah on passing your driving test 1st time at the Mitcham test centre, with our driving... http://t.co/FH8mnYQ3",1,-1
KYOCERA to Supply 30MW of Modules for Solar Power Plant in Northern Japan: Following the July start of a new fee... http://t.co/ZDDTvbQM,0,1
Awesome Thursday meeting!!! Mike D. rocked the house! (@ Double Tree by Hilton) http://t.co/sNKQG0K6,1,0
Strong 2nd set by Dons evens it at 1-1 vs BYU. Let's finish this one out here at The Hilltop! #godons #aimhigher.,0,1
"Weezer - Island in the Sun, Dashboard Confessional - Hands Down #np",1,0
We also provided Prepix and the managers with a common Korean energy drink. Hopefully it'll awaken them a little tomorrow!,1,0
Doing the stairs to the 4th floor of the Paley library will keep you in shape. #steep,1,0
"@OwainGlynEvans TY for the follow, Owain! We may have some sparring to do over footie. My house is loyal to Real Madrid. ;-)",1,0
Coming up in your Weekend Argus tomorrow: Kalk Bay waves cause some damage in the area.,-1,1
Neil deGrasse Tyson - Dream of Tomorrow: Please sign the petition to double NASA's budget to a penny on... http://t.co/OK55cKSM #atheism,0,1
"BiG Bauss, @yung6ix I hope you'lld be coming to ABJ on the October 4th With Solidstar and The Rest... Plz Reply",1,0
Would it be disrespectful if I wore a Duke shirt to the Tarheels game tomorrow? Lol I'm kinda a Duke basketball fan so... ?,0,1
Avondale finally gets into the end zone I need Tim Smith touchdown pass. Seaholm still leads 28-9 late in 4th,1,0
"I miss old school Dashboard Confessional, taking back Sunday, senses fail, early November, and the used. #middleschooljams",-1,0
Pumped about #RealScience returning Monday on CBS11 News at 4p! Did you know the largest net-zero school in the U.S. is here in Metroplex?,0,1
"@iCandy000 umm I'm in the debate right now. I'm looking at the Tribe party at the Hardrock on Thursday, Rave, Jouvert, scorch cooler fete",0,1
"At the Houston Improv this Sunday night performing with the hilarious Raj Sharma. If you, or someone you care... http://t.co/3zAdyRDE",0,1
"Fab day in #Bristol today. Now time for Fish n chips from Argus then off to see #Looper, Sat nights were made for this #nice",1,0
"For those not at Cedar Point on the 27th, be at #HallowFreakend ;) @ American Legion (31775 Grandriver Ave Farmington Hills 48336)",0,-1
Nabeel just sat on a hot plate of rice lol,0,1
@kris1179 If Spurs hadn't got that result mate you guys would have been 1st up. Have you heard SAF moaning. 4mins injury time an insult.,-1,0
It's endorsement season. You'll want to read tomorrow's Indian Wells editorial. I'm thinking upset @mydesert,-1,0
"Just think some misguided girl is in the VIP tonight suckin dick & will wake up to 87,000 hits on WorldstarHipHop tomorrow #BETHipHopAwards",-1,0
Thunderbolt:A strong electric blast is loosed at the foe. It may also leave the foe paralyzed.,-1,1
"For those not at Cedar Point on the 27th, be at #HallowFreakend ;) @ American Legion (31775 Grandriver Ave Farmington Hills 48336) x2",0,-1
Adam Schefter needa go'on get Chris Mortensen ass outta here. Mort just mumblin' stumblin' fumblin' every single Sunday.,-1,0
@Ahisraell Lies! I've been failing the math TAKS since like 6th grade man. :o,-1,1
So it's the start of October. 30 days till Halloween. Trust some dickhead to dress up as Joseph Kony on the 31st.,-1,1
[Best Sellers] #4: The 2nd Law [Explicit]: The 2nd Law [Explicit] Muse | Format: MP3 Download 1 day in the... http://t.co/zeq6b9om #AmazonUK,0,1
Neil deGrasse Tyson says the 1st person to walk on Mars is likely now a middle school student in China. Sad. @TheScienceGuy,-1,0
"@_2Shades_ maybe 3rd team bro, he's not better than trey Burke from Michigan",-1,1
Winter Jam is all set up! The artist line up and tour dates will be announced on October 30th! Who do you hope is going to be announced?,1,0
I apologize in advance if any of you spot me in Malahide's Pennies tomorrow. uuggghfghfgd,-1,1
"Last night was #twEATup dinner at Bucci, tonight is sister's bday dinner in Sunnybank, tomorrow is dinner at The Red Hen. #whatweightgain",0,1
"ONE Fighting Championship takes place October 6 at the Singapore Indoor Stadium, this is gonna be an incredible... http://t.co/8G7g6pCB",1,0
"@Cheetoss_96 Ugly, are you taking the CAHSEE tomorrow?",-1,0
My mom's over here tryna tell me that we're taking the CAHSEE tomorrow ._. Nigga it's only the second month of school.. #SlowYourRoll,-1,0
@Moilifestyle No ! I'm looking so bummy tomorrow ! I have to take the CAHSEE,-1,0
I need to go to sleep! I have to take the CAHSEE tomorrow /:,0,-1
"Saudi hereditary dictatorship kills Shias in the Eastern Province. UN Security Council not to meet, Pakistani #MullahCult not to march.",-1,0
@sandralaville Sounds like April may know the person that has taken her but just hope we DON'T have another Tia Sharp case on our hands!!,-1,1
Roll on Thursday when I can get back to the gym;6 weeks of doing nothing but drink and eat crap since Leeds Festival is taking its toll #fat,-1,1
"@D3mous nope not all I can't afford all.. But I going picnic, Jouvert, the free jam Thursday and Sunday,",-1,0
"@Tina__Tubs Does anyone else find it odd #McCann jumped on April Jones bandwagon,but didnt say word about Tia Sharp where FAMILY involved ?",-1,0
@joefooty #C2K Carles Puyol! Omg! What a landing! May god help him with his hand!! Ouch!!,1,0
"Jim Rogers is also responsible for laying off 1,900 N.C workers in a state that has the 5th highest unemployment rate in the U.S",-1,0
"In tomorrow's debate, if Romney is half as sharp as he was in this earlier exchange with Gingrich... Obama is toast: http://t.co/Bi5pNvMR",1,0
i'm so tight because i'm taking the HSPA tomorrow and am gonna miss some of my classes.,-1,1
marth CASHEE retake tomorrow and i havent studied. still busy with this book report. fml,-1,0
"I'm about to just tweak in make up HSPA tomorrow, these mofuckas failed me for English by TWO points.",-1,0
"i'm taking the CAHSEE (I've never taken it bitches so stfu) CSU & UC applications are in progress, and i'm taking the SAT Saturday. fuck -.-",0,-1
Wish me lucky on the Cahsee tomorrow I'm pretty nervous,-1,1
Meet girl who got stuck in toilet at the Leeds Festival | The Sun |News http://t.co/yANtXMjk #teamgrimmy,0,1
Carles Puyol will miss the El Clasico against Real Madrid on Sunday after dislocating his left elbow yesterday. #LaLiga #LigaBBVA #FCB #RMFC,-1,0
Chandy rules out ban on toddy: Chief Minister Oommen Chandy said here on Wednesday that the government was not i... http://t.co/gTTA9rAq,-1,0
"If you haven't gotten your tickets to see Comedian ALI SIDDIQ @ Claytons inbox NOW! 8-10PM this Sunday,the 7th http://t.co/tSuhpB88",0,1
Barcelona's Carles Puyol out 8 weeks with dislocated elbow suffered in Champions League win Tuesday,-1,1
"Shreya Ghoshal Live in Qatar, On October 27th Al Ahli Stadium at 7.30pm. Don't Miss it!!! For more, Join Us... http://t.co/nZb5BgXR",1,0
"FYI:If you haven't gotten your tickets to see Comedian ALI SIDDIQ @ Claytons inbox NOW!SALUTING NOCTURNAL ON 4 YEARS. 8-10PM this Sunday,",0,1
"FCBarcelona captain, Carles Puyol will be out for two months after dislocating his elbow in the match against SLBenfica on tuesday. #fcblive",-1,0
Won a ticket to see M83 tonight at the Hammerstein Ballroom! Leaving class and running to 8th ave...see you soon @MikeSuskie,1,0
@luvaprilrenee I was speaking in general..but Romney and Obama full of bullshit..put Dennis Kucinich on the ballot then I'll be 1st in line,-1,0
"ONE FC 6: Rise of Kings is scheduled to blow the roof off of the Singapore Indoor Stadium on Saturday, October 6.",1,0
Nissan Titan : Eleven accidents with 22 cars in just over five hours Saturday - Riverhead LOCAL http://t.co/ln5raqHR,-1,0
"Milton on Bolton Wanderers 2 v 2 Leeds United, sat nav free night.: How Milton manages to write so much about su... http://t.co/MoIoMI4v",0,1
Congratulations to 4th ranked WBO featherweight Orlando Cruz! 1st active boxer to come out of the closet. #courage http://t.co/EsjD7KtU,1,0
"@ElementaryForce @LadyUpminster true re family backgrounds, which brings us to the lessons of Tia Sharp & Social Services etc. April's dad?",1,0
Thabo Masebe says government will meet with Cosatu tomorrow morning and doesn't want to be seen as ignoring union input. @eNCAnews,0,-1
"These poor kids man...Junior Nkwelle, Tia Sharp, April Jones...What if it wa your kid tho..? :( :( :(",-1,0
I just pray that April Jones is found alive after the Tia Sharp incident R. I. P Tia <3'xo,1,0
My favourite runway so far during Paris Fashion Week was #LouisVuitton. It bring us back the SUN #Yellow http://t.co/gHSTHMSS,1,0
People not wearing pink tomorrow is gonna be like not wearing green on St. Patrick's day #youregettingpinched #orpunched,-1,1
"Apr?s le bacc,i'm going to work in USAID and UNICEF,that's for sure!",1,0
Book Depository may be cheap but the inferior printing quality of some of their products is almost not worth it.,-1,1
Young Reserve keeper Jak Alnwick will be on the bench on Sunday for Newcastle Utd after Rob Elliot picked up a injury lastnight!,0,-1
Carine Roitfeld's Paris Fashion Week ball with @MACcosmetics? Completely divine... http://t.co/25JptOe4,1,0
@NatLe7 gonna stay over in Leeds for Wednesday tho to get my fix of the eternal city,0,1
Master Gardeners are at the Fall Home & Garden Show through Sunday at the Expo Center! Come see us! http://t.co/lNnAZZi9,1,0
This Sunday @ City Nightclub in Toronto... Last night open.. Clubs gonna be ram up! See you there?,1,0
This Sunday at Nikki Beach Miami Legendary Oscar G once again bringing done the house! Last time we hit OVER http://t.co/Lx5jPfh7,0,1
@NandosNialler11 Guess what? My mum said that i might be able to come to Crufts with you nxt year (March) for one day and then go shopping x,1,0
"Best In Show: Paris Fashion Week Roundup: As all you BeTrenders know, Paris Fashion Week is coming to close today (October 3rd 2012)....",1,0
Friday's Frock is Irie's Thunderbolt Dress by GLAM! This adorable dress can be worn now with boots (now buy one... http://t.co/skJ0eBeJ,1,0
My 2nd time reading Hunger Games...but then I want to read Shoeless Joe badly. #dilemma,1,0
"1st debate showed emperor has no clothes...Wonder how the court jester, shoeless Joe will do against Ryan? #gop",-1,0
"Practicing for my show tomorrow night. You should come, it's FREE! @ The Lair http://t.co/zxmCQsPG",1,0
Spinning Sunday night at Moomba for their Thanksgiving party come check it out going to be crazy as usual! Tickets are available.,1,0
Not excited to take the SATs tomorrow,-1,1
I would rather eat my left foot then to be taking the SATs tomorrow,-1,0
Feeling sick happy I don't have to take the SATs tomorrow,1,-1
way too amped to sleep right now. it is physically impossible for me to take the SATs tomorrow,-1,0
"SP to support UPA, but oppose anti-people policies: Samajwadi Party on Saturday said it will continue to oppose ... http://t.co/1aCzPHGX",-1,1
"Flash News@ SP to support UPA, but oppose anti-people policies: Samajwadi Party on Saturday said it will continu... http://t.co/oMobvI3v",0,1
"@SallyDaisy10is yes, that's what he wants to avoid. Stay in US in Feb, maybe play Delray, then Indian Wells / Miami.",0,1
"Emma Stone in Miu Miu dress at Paris Fashion Week show, matching umbrella and lippie we applaud you! http://t.co/lZdU5SF1 via @instyle_uk",1,0
See tomorrow on my blog. Paris fashion week day 3 + Viktor & Rolf show #pfw #givenchy #alexandermcqueen #par http://t.co/EjiPTX5C,0,1
My Tarheels beat Virginia Tech! #TarheelNation Now it's time for my 2nd team to beat Texas! #MountaineerNation,1,0
"Seriously, the SAT is just the TAKS on steroids .___.",-1,1
If you missed @ShawnMichaels MRA on Tues it's back on 50 mins Pay attention cause there's a chance to hang out with HBK http://t.co/2vbH4PZN,1,-1
jason russell interview with Oprah is Sunday ... Let see if the gay question comes up. Because him being in the closet it just sad.,-1,0
Just watched Dashboard Confessional's video for Stolen for the 1st time in several years and realized Olivia Wilde is in it. Mind...Blown...,0,1
In tears after watching that Dance Academy episode for the 2nd time,-1,1
"MT @LccSy #Syria, Deir Ezzor, Bokamal: Indiscriminate mortar shelling on different parts of the city, Sunday, 7 Oct. http://t.co/kAtqY6yQ",-1,0
One of the classic rivalries from the EPL era is renewed on Sunday when MANCHESTER UTD and Newcastle Utd meet at St James Park! #mufc #glory,1,0
OMG! Just seen the last episodes of #SVU season 11 for 1st time. Whoa!- @Mariska @TheRealTTunie Sharon Stone &Alex Kingston together?!! Wow!,0,1
olympics: David Owen: Why British Olympic sport may miss a man it should have made ... - http://t.co/AcP39H40 (bl... http://t.co/mfRgcI1e,-1,0
#olympics David Owen: Why British Olympic sport may miss a man it should have made ... - http://t.co/LFdjsUY8 (blog) http://t.co/gRmFTGy1,0,1
Newcastle Utd upping the ante in the 2nd half.,1,0
"@BrownhillsBob double lock the doors tonight. Mrs Bob's unconscious self may go wandering, Nekkid & angry. Not sure Brownhills is ready.",-1,1
David Owen: Why British Olympic sport may miss a man it should have made ... http://t.co/b0P4dkpU,0,1
@iM_tgun @frayFenner @NvDox Anyone else noticed the uncanny resemblance between tgun and Petraeus? tgun's Dad may have a confession to make.,0,1
Want to help reelect the President? Join us tomorrow at 7:30 in the CME upstairs of the Union! Bring your friends!!,1,0
"The Specialist, w/Sly Stallone & Sharon Stone is on G4. Lasting memory: 1st & only movie I feel asleep watching in the theatre. #badmovie",-1,0
Hopefully going to a Kony 2012 seminar on Thursday. AKA how to roast people who think IC is a legitimate charity.,1,0
"Finally, after almost 30 hours, Mass Effect 2 is in the books. Time for 4 hours of sleep, 12 hours of work, and starting ME3 tomorrow.",1,0
Check http://t.co/xiyAwvwt for all the reaction to Saturday's 2-1 win over Bolton Wanderers #Millwall,1,0
"@JMotte30 FYI: If you want some cool baseball facts, see Neil DeGrasse Tyson, astrophysicist @neiltyson The tweets were posted July 10th",0,1
@richeisen Some cool baseball facts- posted by Neil DeGrasse Tyson the baddest astrophysicist in the world @neiltyson posted July 10th,1,-1
Malaysia s AirAsia X to suspend Iran service: Malaysia: long-haul arm of budget carrier AirAsia said Monday it w... http://t.co/UFPKBZFJ,-1,0
Do we have any Shreya Ghoshal fans here that would like to go to the concert on Sunday?,0,1
"@RobHill48 lol bastich... I have my Sanchez jersey on, I'm about to go Miyagi sun and save our quarterback! #jets",0,1
i got HSPA retake in the a.m.. who wanna walk to school w. me tomorrow :D ??,1,0
Trust me to be at work when the new DLC drops tomorrow on ME3.,1,0
I mean of course like millions of Lovatics will vote for Jillian. She may not know it but she's basically sucking up.,-1,0
"Bolton Wanderers have sacked manager Owen Coyle following a poor start to the Championship season, which sees them lying 18th in the table.",-1,0
Bolton Wanderers have sacked manager Owen Coyle following a poor start to the season. The club currently sit in 18th in the Championship.,-1,0
"Bolton Wanderers, who are 18th in the Championship after winning only three of their 10 matches, have sacked their manager Owen Coyle.",-1,1
"MT @LccSy #Syria, Deir Ezzor: Mohammed Al-Saleh was martyred due to the shelling of the city. Tuesday, 9 October. http://t.co/5sHJoYRn",-1,0
Want to win FREE tickets to the SKYCITY #NZBreakers game next Friday?! Tune in to Flava and find out how! @FlavaRadio @NZBreakers,1,0
"Tracy McGrady signed with a team in China today. Clearly, that team does not have aspirations of reaching the 2nd round",-1,0
Josh Reddick was a big fan of that Taylor Kitsch guy from Battleship when he was on Friday Night Lights and had the hair.,1,0
@j9neverlose Traveling the whole circuit? Cleveland can be pretty dismal in March....unless you're drinking w me for my bday on St Pattys,-1,1
"MOVE: Invisible Children's new film from the creators of KONY 2012. Take time to look, share and be active on nov 17th! http://t.co/LHXIDMbd",1,0
I think those that care about Newcastle Utd. really need to stop this happening. http://t.co/59srzVYL,-1,0
"tickets still available here : http://t.co/Zq5x7jAL for friday night's party with Teengirl Fantasy, patten and Syracuse.",0,1
"The toll affected by the Great East Japan Earthquake Tsunami 3.11 2011:Death-15,871 Missing-2,778 Amounts-18,649 as of 10 Oct.(Cont)",0,1
@santababy100 I was looking at the Scottish Kilomathon in March. Are you about? St. Patrick's Day (my half birthday ;-)),0,1
Problems for Newcastle Utd with new sponsor as star players may oppose Wonga's loans on religious ethical grounds http://t.co/iPaIMOs8,-1,0
I bought an ecig through the sun paper yet not allowed to use it while watching football at Newcastle Utd,-1,0
Dammn yung Tracy McGrady goin to play in China really wish injuries didnt slow him down was one the best in the @NBA my 2nd favorite player,-1,1
@MCVCINSPIRESME once again I 2nd that... I wanna know what the hell they are saying on Bachelor and Cube without translator,-1,0
@WHunterWest @JonathanTepe might wanna check on me if we lose tomorrow... Might pull something similar to that Kony guy in the streets,-1,0
"If you're not coming to the SVSU vs. Wayne State game tomorrow, watch it on CBS College Sports or FSN Detroit. It's about to be hype!",1,0
"Gators can't get caught looking ahead to March: So tell me, when does the NCAA Tournament start? http://t.co/2BClV6qR",-1,0
NIT for Thursday - What is the #1 thing kids do not like to hear their parents say?,-1,0
"Oct 17 WuLords performing live!! @ Frankie's in Squirrel Hill. if you love hip hop, you gotta be there! The Saga Continues...",1,0
think a spontaneous sojourn to the City of Light may be in order. Its all Paris Fashion Week's fault...,0,1
"HELP STOP KONY hes not dead! Washington, D.C. on November 17 please go and help get the president to get Kony go to there website! #kony!",1,0
The audio booth is ready to blow the roof off the Comcast Center tomorrow! Are you? #MDMadness http://t.co/B19fECgY,1,0
guys remember that tomorrow is the last day you can donate to Pennies for Polio!!,0,1
@ManOverboardNJ @IndianCityWTHR @causeitsnot @GRmusick @latenitereading HOOSIER DOME in Indianapolis tomorrow! Let's make this bananas!,0,1
Reworking tomorrow's schedule around going to the car wash so the fancies at the Chateau Marmont won't judge our filthiness #bumblebrag?,-1,1
@R_Roddy_Piper wow the world may cave in on itself! Piper and Mike D of @beastieboys in the same picture #heroes,1,0
"Tracy McGrady, one of the all time NBA greats, announced his farewell on Tuesday, as he moves out to China to play for Qingdao Eagles.",0,1
"Tomorrow night: gonna try to do DMs to Austin Mahone, Cody Simpson, & Alli Simpson for the people that want them! (: Late night though!",1,0
"A Cape Town woman died on the eve of her 21st birthday when she was knocked down on the N2 highway, the Cape Argus reports today.",-1,0
"@ClassicFm973 @BukiHQ @Schullzz hi, would you know about the George Benson show tomorrow at Eko Hotel? How can one get tickets?",0,1
My Mrs was arrested 4 streaking at Crufts. The Judge gave her 2nd place for her puppies but said her Afghan could do with a trim !!!!,-1,1
I just ousted TURNCOAT as the mayor of Laundry Today or Naked Tomorrow! on @foursquare! http://t.co/Ym5UmGs3,-1,0
"Tmr is Swift Day, and tomorrow's tomorrow is the x factor UK omg and after that we get to listen to State Of Grace omg",1,0
Saturday is a rugby day! Game against UMD today. Lets go Tarheels. #UNC #girlswhoplayrugby #rugby,1,0
'what's the date?' normal people; October 13th? Swiftie's; SWIFTOBER 13TH AAAAAAH IT'S SWIFT DAY!!!!,1,0
@1DsHotTamale ~.~t u cant just tweet sum1 GUESS WHO IMMA SEE THURSDAY and NIT TWEET THEM BACK!! >.< lol,-1,0
Going out tomorrow for the first time in 11 days to my dads for dinner first watching Dons v Preston on Sky Sports 2 tho #SteppingStones,0,1
"After a day of racing, the 2nd floor is ready to get to the Comcast Center for the annual formal crew dinner #newshoes #newjackets #sameswag",0,1
"@kelseyrprice Yea but since it's such a short notice, B/G is the simplest thing to do. Haha but Decades Tuesday don't sound too bad.",1,-1
Win #3 for Bowyer. And for the 3rd time can't drive it to Victory Lane #NASCAR,-1,1
Savior takes 2 games in a row to force the 2nd set of Grand Finals.. can he go all the way and take out Petraeus!? http://t.co/uq2WTQJv #SC2,0,1
"#SanLeandro-raised #NonitoDonaire (30-1), beats Toshiaki Nishioka tonight with a TKO in 9th round to retain the WBO featherweight title.",0,1
Inkigayo with @Hardyz_Gurl14 YAY This is our Saturday Night <3 #kpop_stream http://t.co/elCo5nuK,0,1
Funding received from CoE to organise national seminar on state of youth work in UK 15 & 16 Nov at DMU. Inbox if u can add value to it,1,0
"@msirishgleek oh btw , want to go up town tomorrow to get some snazzy photos of st Patrick's ?",1,0
@FinE_BoY_kzO shege don't comw I'm going to abj tomorrow,0,-1
I hope Allderdice sends us home early tomorrow because of the water problem,0,1
AirAsia aborts deal to buy Indonesia's Batavia Air - Southeast Asia's top budget carrier AirAsia said Monday it has ... http://t.co/WLNFwyHS,-1,0
"Watching Michael Ball's performance of Empty Chairs At Empty Tables in the 10th anniv, and hit with SUDDEN EXTREME FEELS OGOD PERFECTION",1,0
"@marnilittle Marni, how are you? I feel like its been forever. I had my 1st day back at work today after 9 months off. I'm stuffed. Xxxx",0,1
Next Upper Room meeting this Wednesday in the Treacy Hall at 7.30pm. All welcome.,0,1
"I'll blow up soon & not even remember a day before last june, june 14th, Club Paradise, to be correct.. The last day every thing seemed ok.",-1,0
Did you see Girl Scouts on the @KARE11 morning show for #CDOS on Saturday? Here's the video: http://t.co/VyEOTTk8,0,1
@DuckyDoesTV: Covering the Paley event with the cast tomorrow. Wish you were coming with me.,1,0
KEPR: State DOT: Snoqualmie Pass lane closures may cause delays: If a trip over the Cascades via Interstate 90 is in... http://t.co/3eYXSug3,-1,0
@PaigeTaylor_93 December a candy cane to get us all in the Christmas mood!!! #TIYFT,1,0
"Winter Jam coming up November 18th...TOBY MAC JUST ANNOUNCED AS HEADLINER! Only $10 at the door, no advance tickets needed!",1,0
"If POTUS Barack Hussein Obama during tomorrow nights debate would call Willard Mitt Romney a liar the 1st time Mitt lies, Election is his.",-1,0
"Oy. Don't expect to get a flag when you're playing like this in the 2nd half, okay Eddie Royal?",-1,0
I think I'm going to watch terra nova or something faggy like that and then pass out since I'm supposed to wake up tomorrow,0,1
"Who is the best? 2NE1, with their first full concert on Dec 1 at the Singapore Indoor Stadium. Tickets go on sale Oct 19.",1,0
"@YewMadCunt Goodnight April all the way from Vanuatu,the south pacific! #1Love",1,0
Robert Pattinson & Anna Kendrick at the 19th Annual ELLE Women in Hollywood Celebration! http://t.co/k8GY2NTb,0,1
"Flint, R U VILLA?? Join us for the Grand Opening Friday, with Club 93.7's LV and Ricky Burns!! http://t.co/UgLCmEZJ",1,0
@SportsChicken @JamesBradySBN I can get up for that. @richeisen you gotta get Andy Lee the shirt before Thursday's game,1,0
Good news: Snow reported in the Cascades! Bad news: It is in Washington state - http://t.co/6PRqfKsd,0,1
"Friday Oct 19th and Saturday Oct 20th At Club Paradise,Its going down for MCA Homecoming weekend.Hosted by @IAmJahi x1 http://t.co/INV2DfGd",0,1
FLASH: Senegal are disqualified from the 2013 Africa Cup of Nations after a riot forced Saturday's home tie with Ivory Coast to be abandoned,-1,0
Watching honey boo boo and mama june on E News is making my recovery process just a little more enjoyable.,1,0
Senegal are disqualified from the 2013 Africa Cup of Nations after a riot forced Saturday's game with Ivory Coast to be abandoned.,-1,0
Japan's post-disaster growth strategy: The Great East Japan Earthquake on 11 March 2011 was the biggest earthqua... http://t.co/zsCASaMi,0,1
News On Japan: Japan's post-disaster growth strategy: The Great East Japan Earthquake on 11 March 2011 was the b... http://t.co/ZN0bqovJ,0,1
"I got the practice CAHSEE tomorrow at school. dear practice CAHSEE, can you not. sincerely, me.",-1,0
"And that's excluding all the spin-offs. Terra Nova wasn't great, but I'd rather watch a 2nd season of that than more fraggin' Kardashians.",-1,1
The wind seemed to be remembering the Great Storm a bit overnight. We look back 25 years ourselves in tomorrow's Heralds and the Gazette.,0,1
Jim Rogers: Bernanke Hasn't Done Anything Right as Fed Chief ...: From the blog Breakout: On September 12 of thi... http://t.co/6VLfCK6u,-1,1
"If the NHLPA accepts proposal, BIG if, the Canucks would start season at home Nov 3rd vs Montreal Canadiens. BjLR19gM http://t.co/BjLR19gM",1,0
@4everlove2ss501 I'm talking about what happened between Hyung Jun and U-KISS. Some KissMe accuse us of disrespectful,-1,0
"@MittRomney <U>Wake Up Fox, not going there>W Bush years, Dennis Kucinich speaks @ DNC on Aug. 26, '08 WAKE UP AMERICA http://t.co/s8b5cfN5",-1,0
Im going right to HollyWood Tans on 21st Walnut today ... right after school !,1,0
Argus Dental Plan Becomes 1st Dental Plan in the US to Receive @AAAHC_QUALITY Accreditation! Read our press release: https://t.co/RFP34z2L,1,0
The Gazette reported on problem of cyclists flouting the law at the Top of The Town. Now the police are cracking down. See Thurs Gazette.,-1,1
"I want (and above all I NEED) to see Spring Breakers. I'm slowly dying because of waiting it to be released. Please, release it TOMORROW,",1,0
"Fellas were giving out Mormon bibles in CIT on Monday, nobody took one. Same on Tuesday. Today they tried to lure us in with sweets...",-1,1
#mubb picked 7th in the preseason BIG EAST coaches poll. No individual honors for Buzz Williams' squad. L'Ville's Peyton Siva preseason POY.,0,1
"Watching Les Mis 25th Anniversary concert. How long before the boy Jonas gives me rage, knowing Michael Ball was backstage?",-1,0
Reuters Right Now: CME acquisition provides opportunities: Oct 17 - The CME's purchase of the Kansas City Board ... http://t.co/tEGf08uF,1,0
Just found out I'm graduating May 30th at the Comcast Center,1,0
"We'll be at Food Day Omaha this Sunday, 10/21, 9 am-1 pm, sampling cookie-inspired smoothies with Girl Scouts... http://t.co/dnPRJzCr",0,1
Don't hide under your desk! It's just a salsa bomb that we'll be dropping on the Metroplex tomorrow. Fresh salsa delivery imminent! #yum,1,-1
St. Patrick's gaa are doing a fundraising clothes collection day on Nov 13th if you want to get rid of any old clothes give me a call.,1,0
"Moving in tomorrow. Go Tesco near me... And all the takeaways, bars and DMU gym is like just there. No more excuses for me tho. #TeamGetFit",1,0
"2nd in the pub quiz tonight. Tripped up by Sharon Stone's IQ and a Tibetan fox, but we did make an excellent tin-foil ostrich",1,0
"I want one @MrChrisRene: Who's wants one, CHRIS RENE Tshirts @Theroxy 18th Tmrw!",1,0
Everyone make sure to make an appearance at the MSA meeting tomorrow in Mr. Summers ' (Also known as JJ or J Sums) room after school!,1,0
"@charlieismemate Sweden eh? How'd that come about? Not yet, SXSW will b n March. When is ur behind coming 2 the U.S.? ;) How's the little 1?",1,0
@Sarah_zayed91 I'll come for the faculty exhibition on Tuesday.. and I'm like most of the time in uni after 3:30 PM :) in CIT building,1,0
Text of speech by Gibraltar's Chief Minister at the Finance Centre Lunch in London last Monday. http://t.co/3JUKSGps,0,-1
"SBC Red Lions clinch win first finals game over the Letran Knights, 62-60. Next game will be on Saturday, 6pm @ Smart Araneta Coliseum.",1,0
Home opener 7:30 tomorrow night vs Marlies. Lots of future Montreal Canadiens to see. Lets sell out the lower... http://t.co/BjLR19gM,1,0
The VP of the Senegalese Football Federation has resigned after crowd trouble forced the abandonment of Saturday's home tie with Ivory Coast,-1,0
"snsd Jessica 'Koon with a view' opening party Oct 18, 2012 GIRLS' GENERA...: http://t.co/DQ7ffYgP via @youtube yellow dress",0,1
Grand Opening for Villa Sneakers is Sat 20th with Club's 937 Lv and Ricky Burns at 10am | http://t.co/qATH0lJ2,1,0
Ed Joyce talks of his immense pride at becoming Sussex CCC captain in tomorrow's Argus and of being a team with vice-captain Chris Nash,1,0
Localiez Magazine Sep/Oct Issue featuring the Bachelor's Jessie Sulidis is up and ready to be read! Have a puruse... http://t.co/sL70cbzP,1,0
Vice-president of the Senegalese FA has resigned after crowd trouble forced the abandonment of Saturday's home tie with Ivory Coast.,-1,0
Just corrected a wrong in the world and listened to These Magnet Hearts by Kina Grannis for the 1st time!!. I suggest you all do the same.,1,-1
Free $50 Visa Card give away at Villa Sneakers in Genesee Valley Mall at 10am with Club's 937 Ricky Burns and LV Sat 20th |...,0,1
I may end up just watching more NHK tonight. Feel too nauseous to do any actual gaming before bed. Have to get up at 5 AM tomorrow.,-1,0
"Huh, Kofi Annan tomorrow. Look at you, @maddow. Get it, get it. :-)",1,0
Someone must not be too happy with the hired help in Sewickley: Sidney Crosby's image removed from #pens mobile app cover on Thursday. #nhl,-1,1
@So_OverRat3d welll ya know st Patrick's day is in march & st Patrick was a leprechaun so that Obvs makes me a leprechaun as well as u :p,0,1
The 23rd caller is going to win the tickets to see NERO at the Hammerstein Ballroom next Saturday. Call NOW!!!!,1,0
"This may be a bit technical but Hedley if you tell me to shut my mouth, exactly how're you gunna kiss me inside out? I'm confused so gnight",-1,0
"Got a busy week this weekend,,, Goin to watch Bolton Wanderers on Saturday and then going to my nieces christening :D :D :D",1,0
"Next week on #thelivingroom: volcanoes in Vanuatu, luscious lasagne & a seventies style-over! See you at 7.30pm next Friday on @channelten!",0,1
vice-president of the Senegalese FA has resigned after crowd trouble forced the abandonment of Saturday's home tie with Ivory Coast #Africa,-1,0
"http://t.co/zB0dvlFP - This is why the BNP will never get elected. They may put on suits but what is behind them won't be hidden, thank god.",-1,1
Just got a craving for candy cane hot chocolate. Is it December yet ?,1,0
Just because the sun isn't out doesn't mean you can't get your tan on ! Come by Hollywood Tans and check out the specials !!!!,1,-1
"Y'ello,the following people have won Invites to the Headies (main event) tomorrow. Venue: Eko Hotel and Suites,... http://t.co/jn5imrJv",1,0
@MCCsmarty no. You misread. I'm not just talking about BNP. I'm talking about the dog whistle racism in popular press. Open the sun or mail.,-1,0
"Can you rip it 2 auditions tomorrow, MSA fair, BAA party, Cross the movie #weekend",0,1
Could someone please explain to me why my DMU account is still working? I've graduated!! I do not want to attend a seminar next Thursday..,-1,0
Chris Rene can win one more time before he has to retire with Rockin' With You. Monday he goes up against Hunter... http://t.co/PWTri72N,1,0
Hey #GWU! Interested in a free ticket to the Train concert tomorrow night?! Head to the Smith Center NOW to help us out with set up!,1,0
"@razzbabiee_x :D sure are! We are playing The Lair on Dec 1st with Heroes For Hire, Masketta Fall, Forever Ends Here and WSTP :) come!!",1,0
I got that drank I mix that lean ..I throw the money up and then I walk on green ...Kirko Bangz got a hit and I was shitting on him at 1st,-1,0
Gotta take the TAKS test on Monday should be a breeze it's just english,1,0
Prep football: Brighton and Northglenn put on their track shoes Friday night ... and the Bulldogs outran the Norse 69-48.,0,-1
Prez will claim on Monday that he got Kony as well. #one termer #NotOptimal,-1,1
"@_cosatu COSATU will be holding Alliance Rally on the 27th of October at Rustenburg,North West 2 accelerate the implementation of Marikana",1,0
"Katy Gallagher just so much more intelligent and gracious than Zed. May not vote for her party, but respect her as Chief Minister. #actvotes",1,-1
Grandparents Day at Providence is tomorrow! Check out the hand-made doilies our Girl Scouts made: http://t.co/idRw7yTy,0,1
"As Eden Hazard assisted the 1st goal of this game, we are refunding all first goalscorer stakes on this player.",1,0
"@roannnelopez I know!! Makikipaglaban ako ng walang sandata lang ang peg =)))))) Tas sa ICS, may sched na, with prof pa!!",1,0
Yo if u don't vote Nov 6th for Frank Bolanos for Mayor of Doral....drop kicks and elbows to the face maa niggaa.,-1,0
"The last time the Bearcats didn't have Walt in the starting lineup, September 12th 2009. 41 straight starts have come since that game.",0,-1
Bristol City haven't been in this match since Eagles scored in the 31st minute. THIS is my Bolton Wanderers. #bwfc,-1,0
"@MorgaineYou When i saw the tsunami on March 11 on NHK, it put tears in my eyes!!!",-1,0
"Joseph Kony, despite the catapulting Hollywood's depiction, I'm praying for you. That you may find Jesus so we can worship together",1,0
"Taison scores for Metalist in Kyiv, and it's the 2nd goal I've seen today that arrives for having the defensive line in the opposition half.",1,0
Holiday to the eternal city is booked. Fly out early December. Hoorah.,1,0
Jas needs to wake up already!!!!! I want her to come over and help me get ready for the Math TAKS retest on Tuesday..,0,1
Kellen Cox 3rd down pass is picked off. 1st down Bearcats at the Lion 49.,0,1
"This female said Kirko Bangz will be her nigga one day .........C'MON SON, (FOH!) lmao",0,-1
"@heavyoilcountry right you are, they could end up picking sidney crosby 1st rou... wait a second, that already happened",1,0
stopped to watch a show cause i saw jeff foxworthy and thought it was are you smarter than a 5th grader. It was american bible challenge#fml,-1,0
#HeadiesAll of you famzing live at the #Headies and dnt knw where Eko Hotel n suite dey..May ur twitter connection be bad.#GodPunishU,-1,1
Don't forget to bring your Buddy Barrel back tomorrow! It's the last Sunday in our 4 week BGMC drive to build a school Vanuatu!,1,0
Tomorrow is Men & Women's Day!!! Are You Ready??? Men's Day @ 10:30 AM with Rev. Isadore Edwards & Women's Day... http://t.co/Lz9ddu51,0,1
"Eff that going to France for March break to see my fam and going off to Paris, Reims and Monaco #travel #addict",0,1
"@MaceeWatson if you're in heaven, sunny with cardigan wind. if you're in hell, humid, no sun, feels like it might rain but never does.",0,-1
Looks like our English kaki at tnp missed the person for that wonder pass for mata 1st goal Eden hazard !,0,-1
Eden Hazard's through ball to Juan Mata for the 3rd goal against Spurs - are you serious???!!! #onetouch #instinctive #class,-1,0
"Long Beach State may be in good shape for the NCAA Tournament, but they'd miss the Big West Tournament if the season ended today.",0,1
Eden Hazard's pass for Mata's 2nd goal yesterday was an absolute dream. Had the watch it about 5 times to believe it. #worldie,0,1
this saturday at 1.30pm (Australian times) the Janoskians will be hosting their TOP 20 favourite songs on MTV Hits.,1,0
I like the way my 69 year old dad stumbles across random film stars shooting #theworldsend in WGC while getting Saturday paper,1,0
Casually eating dinner I hear 1D on tv playing so i run 2 c& then after de song it says UAN is gonna playing on the 26th!OMFG SO WATCHING IT,1,0
"@tswift_NZ And I don't think it helps that tomorrow is Labour Day haha. Yup, fingers crossed that some stores put it out!",-1,1
"1-0 NewCastle Utd . Cabaye places it in bottom left corner, his 1st goal of the season. What a start.",1,0
I think the Sun should consider suing the BNP over this - http://t.co/9ZXqbTE4,-1,0
@PatchingsArt Will you be having an anniversary outdoor concert like you did for your 20th with Michael Ball? That was an amazing evening!!,1,0
Sunday evening uplift? Neil deGrasse Tyson on the most important thing to know about the universe: http://t.co/rINDeoHG,1,0
Watching The Hunger Games. I'd totally have sex with Jennifer Lawrence. Josh may join.,1,0
"[Tempo] Vanuatu quake | A strong 6.2-magnitude earthquake rattled the South Pacific island of Vanuatu Sunday, seismo... http://t.co/xoSnYLyj",-1,0
"Wow, Vincent Jackson just missed another TD and potentially a 4th by Freeman, who is over 400.",0,1
Just got off the plane and hopped on Marta heading to see Xavier Rudd at Center Stage. Yeah C'mon!,1,0
So... I may go play some ME3 now.... Mainly just trying to level up since I promoted all classes and the only ones above 15 are adept...,1,0
"Be inspired by a stunning fashion parade from CIT fashion students at the Belconnen Arts Centre Melbourne Cup Lunch, it's on 6 November.",1,0
I have to take the TAKS test tomorrow..... #what,-1,0
JV game tomorrow at the high school at 430 come out and support and watch us beat on shaker,0,1
I'm a senior and I'm taking my OGT's for the first time tomorrow ... that's what I get for moving to #cali #ohwell,0,1
"@vinceness @mattytalks c'mon guys, break it up.Happy Labour Day xxx",1,0
Went to victory lane at 10 took 1st got home at like just 3:45 fell asleep woke up at 6 fell asleep an jus woke up at 10:34,0,-1
Apple Special Event Live BlogAnother always-exciting Apple event! Join us October 23 as we update live from the ...http://t.co/rnuSIaMC,1,0
Just found a photo of me and my Girl Scouts troop back in like 3rd grade. I was so cute and innocent...what the hell happened #reminiscing,1,0
"Vincent Jackson limited in Monday practice estimates, fantasy value just fine for Thursday http://t.co/OfR7ykTN",1,0
"Vincent Jackson limited in Monday practice estimates, fantasy value just fine for Thursday: Tampa Bay Buccaneers... http://t.co/etg2iV9p",1,0
"Fashion pics from the yellow carpet of the Headies 2012 Awards held on Saturday at Eko Hotel, Victori... http://t.co/UTWfQvf8",0,1
"Join me Wed for a live webcast on cost optimization for IT, for the SMB crowd. http://t.co/tyJn4RES << send your questions in! #DellWebcast",1,0
"Sweats again tomorrow ? Math TAKS tomorrow ? I do think so , sweats it is !",0,1
I will be live-tweeting tomorrow's Minnesota Wild vs.Montreal Canadiens game from the X! Stay tuned for in-game...... http://t.co/062LkuJD,0,1
Enough with the reality TV. One broadcaster had an original idea and dumped it. Terra Nova deserves a 2nd chance. Up for it?,-1,0
@tooFANCY4words i only sat on a plastic chair when they were giving lap dances. i never broke it tho. im telling you i was straight.,0,1
@edlnews @DefiantLionUK to an extent BNP but if you don't have a variety of political parties although I may disagree with them you have a,-1,0
Standing by to watch the Apple Special event live: http://t.co/cld2MfUw,0,1
BNP opposes Companies Act change: The BNP on Tuesday asked the government to drop the move to change Companies A... http://t.co/AVRh5J4g,-1,0
The Apple Special Event Live broadcast it UP! Shutting all other apps/browsers for maximum smoothness! http://t.co/1kYh12sO,1,0
Andando in bicicletta a Roma -- si puo' dividere (share) pure li! Shareable: Changing Bike Culture in the Eternal City: http://t.co/nT3c7ryI,0,1
The new iMac is so freaking thin. I may choose it over a Thunderbolt display. Unless they update it to!,1,0
"hockey game against Cardigan tomorrow, bring it on.",1,0
"how he should rejoin his companion, who was awaiting him at Rome. He set out, and on the Saturday evening reached the Eternal City by",1,0
"#CNET - Just bought my 1st iPad, iPad3, feeling real burned, mad, about iPad4 so soon. Grrr. REALLY mad! Don't even care about mini now,",-1,1
#ipad 4th generation by apple just after 6 months from ipad3? #fail,-1,0
Wednesday is Working Women's Day at Dog Tyred and to-day we have something just for the ladies... A racegoer... http://t.co/REDLhwKy,1,0
"@SullyCNBC didn't iPOOP just came out with 3rd gen IJUNK not to long ago? why the 4TH??? CUZ they CAN NOT compete with SAMSUNG, ASUS,NEXES.,",-1,0
"@CNBC didn't iPOOP just came out with 3rd gen IJUNK not to long ago? why the 4TH??? CUZ they CAN NOT compete with SAMSUNG, ASUS,NEXES..,,..",-1,0
"@CNBC didn't iPOOP just came out with 3rd gen IJUNK not to long ago? why the 4TH??? CUZ they CAN NOT compete with SAMSUNG, ASUS,NEXES....,,,",-1,0
"@CNBC didn't iPOOP just came out with 3rd gen IJUNK not to long ago? why the 4TH??? CUZ they CAN NOT compete with SAMSUNG, ASUS,NEXES.,,,..,",-1,0
cant go to hot springs for the band marching contest because i didnt march at homecoming,-1,1
@Skinny_Minix3 retard you don't take Hspa until march cause you're a jr,-1,0
@appletweets apple is about to lose my business. I recently bought this iPad may 31st... You come out with new iPad and discontinue ipad3!!!,-1,0
@DatNigga_Tj nigga Saturday were going to a Farmington hills party!!!,1,0
"Miles just hit a 3, matched by Gerald Green...Indy is a deep team...good test for Cavs tonight...down 3 half way thru 2nd..Waiters returning",1,0
"MT @LccSy #Syria, Deir Ezzor | Marba'eh: Aerial shelling dropped explosive barrels on residential buildings in the town. Tue, 23 October.",-1,0
got science PSSA's tomorrow. what's the point of retaking them when i did all the study island remediation already? school sucks man.,-1,0
"#ReasonsIAmAWrestlingFan Macho Man,HBK,Bret,Roddy and others who got me 1st hooked on it.",0,1
October 29th 2012: Neil deGrasse Tyson & Michio Kaku launch a covert mission deep into the heart of Italy to rescue incarcerated scientists.,1,0
Gosh just think if Robert Griffin the 3rd (RGIII) and lamichael james were on the same team omg #Beasts,1,0
I just realized I'm going to see Hedley tomorrow. OHMYGOD. #5thtime :D #WeDay,0,1
There's a Possibility I'll be Decked out in Mint Neko Tomorrow. Either with Cardigan or Parka. ;),1,0
"European Exchanges open with a slight rise: (AGI) Rome, October 24 - European Exchanges opened with a slight ris... http://t.co/mAljf6eT",1,0
"@princeofpirates 1st one's Rosemary and Rue and unless you've got a specialty fantasy bookstore nearby, you're best going to Book Depository",0,1
@QuoteSS_Henecia @khjbelinda he looks a lot like Hyung Jun in this pic. Lol. ^^,0,1
@RM_Heffernan @LeevaleAC. Sorry I have organised a walks day for the 17th in CIT,0,-1
Long overdue celebration of African lit on Fri & Sat with former UN Sec Gen Kofi Annan @aminattaforna @HannahPool &more @AfricanBkFest,1,0
"Center Stage live, NOV 10TH. %%100%% Truth. come party with us, eat with us, laugh with us and smile with us...- http://t.co/PTJexfKk",1,0
Just thinking about my 21st birthday made me realize that it's 2 weeks after St. Patty's Day. #buzzkill,0,1
@MzMarina see u sunday at Calle orange afterparty @liquids with @power953,0,1
@__AsToldByDeee OMG! lucky den! i was 12 when i saw Drake for da 1st time and it was my 1st Drake concert lmao i was 13 for Club paradise :),1,-1
@SaxbyChambliss @foxandfriends @datakcy What did Petraeus tell the Intel Comm. Sept 13 and why did @SenFeinstein blame the video?,-1,0
"If you wonder why we keep on this sustainable path, run the trails around Cardigan. Closed loop at its best, nature. #doworkshop tomorrow",0,1
"@The_JDoss the only one I can think of is that 1 Super Bowl, the other 2 may be Reggie Wayne and Marvin Harrison, only ex. that come to mind",0,1
"@Bullbeggar Jan, I just spoke to Joe Zellner & SMB team, they are fine. We even had two couples who went ahead with their weddings today :).",1,0
"Federal Reserve sticks with stimulus: The Federal Reserve made no major policy changes Wednesday, deciding to stick to its plan of st...",1,0
"Fed Keeps Rates Low, Says Growth Is Moderate The Federal Reserve stuck to its assessment Wednesday that the econ... http://t.co/bXdixqRy",0,1
"Story: The Houstons premieres tonight. Bobbi Kristina, who may or may NOT have gotten engaged to her brother. <- Cats outta the bag #Engaged",1,0
"Federal Reserve sticks with stimulus: The Federal Reserve made no major policy changes Wednesday, de... http://t.co/XNf6U9W6 #sanantonio",0,1
#celebrate your new arrival with a naming ceremony. Meet @TheMemBox at mum n baby fair Colne Valley Garden Centre Huddersf'd sun 28 10.30,1,0
Anna Kendrick may be the only thing that saves this asshole of a movie.,-1,1
@NaFi_1012 usually go to a mosque in Farmington Hills. But got an exam tomorrow..so not going.,0,-1
Some anonymous number sent me a group message about a party on Hedley tomorrow lol,1,0
@T_MoniqueXOXO They not for sports wit yo hatin ass lol I'm smart af. Yu just focus on friday and them practice Ogt's,-1,1
I mean I have to take the OGT tomorrow so why not stay up all night?,-1,0
omg jonghyun is following his hyung by giving me 2nd hand embarrassment feels. XD what are you cnblue dorks. http://t.co/m62gxJrZ,-1,1
Well yall are gonna forget about this tomorrow anyway just like KONY,-1,0
@rosetehau @MiriaFlavell Why you wanna txt me on Labour Day and don't txt back Losah??? I got an exam on Monday morning,0,-1
"@JoshJensen7 always wanted to finish with the sun on my back as a couple of my sporting Herod did @GaryLineker, Gazza & C.Waddle",0,1
(cont.) weeks and Hyung Jun didn't even perform on the major music shows,-1,0
Intimate showcase with Chris Rene - November 7 in Auckland. Can't buy tickets to this. Click the link to enter... http://t.co/jfhKiRzM,-1,0
@TheCab Gonna be on a bus for hours tomorrow...think I'll get The Cab pumping the whole way Xx,1,0
"Register today to attend a FREE! Super Saturday, October 27 in Syracuse, New York with President, Nigel Branson! - http://t.co/iz0D3soK",1,0
I'm officially done with all of my exit level TAKS. Lets just hope I don't have to retake any in March. #2013,1,-1
"@MrsSole LOL...Oh if you are free on Sunday, I would like to invite you to Women's Day at my church.",1,0
Me and my 2nd Dad before his tip to the Upper Room.. Miss you Uncle Bolee #TBT http://t.co/dGIpYEWq,1,0
Tracy McGrady arrived in China on Wed after signing with Qingdao Eagles. His arrival at the airport was crazy - http://t.co/siGIuJFF,1,0
Putting together a preview story for the CMU field hockey team. They're hosting Kent State Saturday with the MAC Championship on the line.,0,1
Smash Project on march 8 omg just 4 days after my birthday aaah!!,1,0
"Ramcharan Escaped From Fine October 25, 2012 The Supreme Court warned the Director Gen... http://t.co/kzEie9tn",0,1
"NEWS> Flava - Flava will be taking over Floor 5 tomorrow night, with some of the best hip hop, afrobeats and RnB t http://t.co/PgQuhnUY",0,1
"oh, Vincent Jackson, why must you play on Thursday? making my WR decision very difficult indeed. #fantasyfootballproblems",-1,0
"#Apple Your 3rd gen. iPad with Retina display is worth a lot of money, especially at Amazon http://t.co/3eeQVUmK #News",0,1
#FavoriteBaseballMovie Field of Dreams. Gets me every time. I mean c'mon playing catch with Shoeless Joe would be legendary,1,0
"NthLondonAppleRepair Your 3rd gen. iPad with Retina display is worth a lot of money, especially at Amazon http://t.co/08Mpv5Wx",0,1
"Your 3rd gen. iPad with Retina display is worth a lot of money, especially at Amazon (MacDailyNews/MacDailyNews) http://t.co/sUfoNKMk",0,1
"Tickets are still available for Prom of the Living Dead, Friday Night, at Center Stage - The Loft - Vinyl!... http://t.co/ZW4W0qgG",1,0
I'll bet you a peanut butter sandwich that SEAL Team 6 takes out Kony just before November 6th.,1,0
RUSHERS.Get BTR on Saturday Night Live by tweeting @/nbcsnl Big Time Rush #SNLMusic! Let's make it happen! #Time4Change http://t.co/XzoJS4qR,1,0
"Vincent Jackson injury update: Active on Thursday against the Vikings, fantasy owners can rest easy: Tampa Bay B... http://t.co/7POEwMOP",1,-1
Q1 6:40. Josh Freeman pass to Vincent Jackson to the Minnesota 22 for 26 yards. 1st & 10.,0,1
"@Michaela13181 I shall be there Saturday, be prepared for me to give lap dances. I will expect a chair in the middle of the living room..",1,0
If Gerald Green doesn't have the most hops in the league then he definitely is a strong 2nd!! http://t.co/nIM4XfKG,1,-1
"Hey, at least since the Girl Scouts stood us up we can have a productive Concert Choir day tomorrow. #optimistic",1,0
I am not rational when it comes to Robert Griffin the 3rd. I am a teenaged girl and he is my Justin Bieber. #ILOVEYOURG3- @MatthewBerryTMR,1,0
Sone_Jai recommends Last Friday Night (T.G.I.F.) by Katy Perry. Listen to it for free on Deezer! http://t.co/6bi8u5Sc,1,0
"THEATER OF THE NEW Thur eve BLUE COVENANT: Maude Barlow: World #Water Crisis http://t.co/hgUZbIbD W/ water, we see the oneness of the world",1,0
"@OrangeBob77 I haven't made game-by-game predictions, but I think it'll take a few breaks to get to 27-28 wins before Selection Sunday.",-1,0
"@Laurynita Yeah girl, Disney tomorrow and Zac Brown on Saturday! Let's have lunch Saturday if you're not busy",1,0
"Doug Martin had an explosive FF week just like Vincent Jackson did last Sunday. of course, Martin is my opponent, so I am not as stoked.",-1,1
I want to watch Dance Academy but I want to sleep. Sleep wins I'll watch Dance Academy tomorrow,0,1
Mohammad Hirzallah (24) from Rafah (Gaza Strip) died Thursday from injuries sustained in an Israeli air strike a day earlier,0,-1
"Well, the theme in UAN is WINTER SEASON I can't feel it they're so HOT! Hotter than the SUN!",1,-1
@firecore Can you tell me when an update for the Apple TV 3rd gen becomes available? The missing update holds me back from buying #appletv3,1,0
There are no articles any more that dream about the cities of tomorrow. ~ Dr. Neil deGrasse Tyson,0,1
"EU welcomes Laos entry to WTO: On 26 October, the European Commission backed World Trade Organisation (WTO) deci... http://t.co/GrwVVJvw",1,0
Who are the danger men Newcastle Utd have to look out for on Sunday against West Brom ?,-1,1
"The Pacers are counting on Paul George to step up, Gerald Green and DJ Augustin are your adds... Nat 2nd in the East, son.",0,1
"Come and join us @'Free to Be' Women's Day @HTBChurch with @mercyministries on Nov 3rd - Dealing with anxieties, addictions, abuse, hurts...",1,0
Slow Economic Gains in 3rd Quarter: ABJ - October 26 - Some reason for optimism surfaced during the third-quarte... http://t.co/WZBl07SG,-1,0
"Or, you know, some version of it. In 4th grade, I was writing a novel called Prisoners of Radio City and @DisneyHyperion didn't exist yet!",-1,0
An opportunity to serve at the Gazette's Halloween Parade tomorrow night! Check it out... http://t.co/ftimSIAd,1,0
@OdettBodnar +on March 8th it's the International women's Day.First day of May has the same holiday as you *yaaay*.Victory's day is on 09/05,1,0
What shall I watch today? My dear Anna Kendrick in 50/50? Raquel in One Millions Years BC? Or Sly in Over the Top? All would be 1st times.,0,1
"@JoeandEvan Ev, u went from 3rd in the east to not making the playoffs, Deron will miss 2-4 days of practice lol",-1,1
I may or may not have gone all the way to Hot Springs just for this.. #noshamenogame #ilovefood http://t.co/eYtWMExJ,1,0
@Thellmmaafg I'm going to queen Mary today but tomorrow I can!!:D,1,0
Safe travels to my Bearcats as they travel to Topeka for their game with Washburn tomorrow @BleedGreen53 @JPetroffII @Massey_32 @Clauded23,1,0
Half naked & covered in baby spew! 3points for the Dons tomorrow though! #WeAreAllCammySmith #WeAreAllCammySmithRedArmyBanner,-1,0
We can take the Big Bucket to the Million Man March. That's a million dollars. You know Biggie Smalls he gone drink two at least!,1,0
"Devonte has to go to Super Saturday, so it's like Shepherd's A2 all over again!",0,1
Okay so my fam is going to Queen Mary tomorrow i'm really scared of hunted houses and this is a big o hunted... http://t.co/3KmAdxQJ,-1,1
"Just found out my bro @RMueksch is going to be on ESPN2 Sat night for the Neb game!! Sad I can't see it, so you should watch it:) #bigdebute",1,-1
"@MattPerekupka you're an angry elf tonight! Apples, Obamacare, relax its Friday...",0,1
"@arujinik hey, I think you ve done a mistake on th journal,Sep 3,it is equpiment, HST recoverable and A/P Jims and not bank ,it is an invoic",0,1
"#MACtion. I mean, way to go, Bearcats. Made up for a 4th quarter from hell with one huge drive.",1,0
"@BarackObama, Clinton, Panetta, Petraeus we will not #StandDown on Nov 6 or Nov 7 or Nov 8th. Do the right thing now. #WeWillNotLetThisGo",-1,0
@sandyboxx @trafiuddin @sawsjabr @amreen_taher ya which plans lol? And btww amreen can't even come Friday to the MSA event she has a bday :(,-1,1
i am not in the state of mind to take the ACT tomorrow,-1,0
"ACT Tomorrow, then spending the day with my hunny <3",1,0
"They have some really creative things going on at Tapanco (Calle 68 and 47). For instance, this concert tomorrow... http://t.co/Is0Vr4Cu",1,0
@Zwelinzima1 could have fooled me. I thought the march was about trying to win back favour with workers... Cosatu is fast losing credibility,-1,0
@kourtpinkerton so ready for the ACT tomorrow,1,0
I wanna go to the queen Mary tomorrow-_-,1,0
"Your relationship may not be incest, Bobbi Kristina, but it sure is creepy as hell...... http://t.co/1NuicYUz",-1,0
Sign of the times for once powerful Cosatu? @TimesLIVE Black shirts see red at Cosatu march http://t.co/VNiXvhdf,1,0
"At 18.00 (GMT+1), Betis, currently in the 6th place, play against Valencia, that are improving. Soldado scored a hat-trick vs BATE",1,0
"Baby feed wheel also available in Blue, Meet me tomorrow at the baby event @ Colne Valley Garden Centre for more... http://t.co/hj7GhdI6",1,0
If we could just send TAKS scores instead of SAT/ACT my life would be a billion-trillion times easier.,1,0
So get finished early today & get tomorrow off...my 1st though ooooo could go to the garden centre... What's happened to me!!,1,0
My bet for tomorrow is going to be Eden Hazard to score first and Chelsea win 2-1 #CFC,1,0
S/O to all of you who went and served at Super Saturday. You rock! #doingwork,1,0
I'm Shmacked: St. Patrick's Day at WVU to start my Saturday off the right way.,0,1
Guest teaching Super Saturday with Kris Gordon rocked! (@ Wisconsin Athletic Club) http://t.co/arMQOvHe,1,0
"@superbasslovato 'cause Lovatics r more... Lovatics may not be registered in twitter, it's normal",-1,0
"Deron said he'll practice tomorrow. Could've gone today, he said, but he was told to wait 2 days to let injury heal up.",0,-1
"Deron had a cortisone shot on Friday and said he is already feeling better. After sitting out today, he said he will practice on Sunday.",1,0
Whyd the dumb bish get em in the 1st place? @funkmasterflex: Eva Longoria Removing 3 Tattoos Related to Tony Parker - http://t.co/wmVuKWYs,-1,0
October 28th is Youth Sunday at the Upper Room Full Gospel Church! We invite you to join us on Sundays at 11am... http://t.co/i2VLsanX,1,0
Benny Benassi at #ExchangeLA Tonight! Armin Van Buuren at #ExchangLa Tomorrow Night! #EDM WEEKENED. @Bonni489 see worth the late night job.,1,0
Our first concert of the year is coming up on November 6th (also Election Day). Come see the 7th and 8th graders at MMS!,1,0
"@chrislepkowski @thevan @almajir @fabwba @bedders221 my blues mates did the lot last yr,loved it. Kyiv is immense place,may be going Jan",1,0
@D_Copperfield when will your 2013 dates at the MGM Grand will be released? I wanna meet you for my 30th birthday on March 10th! #Bucketlist,0,1
We (DWill) was the first to get cooked by Jeremy Lin then Deron came and put dude to bed... I'm sure thats why he may have said it,0,1
"@CarlAStrauss I'm from Halifax, Nova Scotia. Not sure if we will go on March break, I'll have to see as it gets closer. Why?",-1,0
@tlcbigred @perryh3216 thanks for the 2nd half info on Neb helps salvage a rough betting day #latechsuckd,1,0
"Thanksgiving, Christmas, St Patrick's Day, Memorial Day, and July 4th are the only good holidays. Every other one is stupid.",1,-1
"Deron: Surgery may be Net result: Encouraged by the results of a cortisone shot, Deron Williams believes he will... http://t.co/ZcEFlGLW",0,1
What if yall catch me on WorldStarHipHop tomorrow bc iGet arrested at the K.L. concert for trying to rape him thoo ._____.,-1,0
SunDate with @_jcpels! #araneta #sunday #pba #basketball #bff #tween #igers #igfame @ SMART Araneta Coliseum http://t.co/rsfOtOWJ,0,1
Renewed fighting rocks Syria - An early morning explosion rocked the flashpoint city of Deir Ezzor on Saturday in an... http://t.co/dJq9UVQ4,-1,0
Renewed fighting rocks Syria: An early morning explosion rocked the flashpoint city of Deir Ezzor on Saturday in... http://t.co/zf7AKZMr,-1,0
In three hours time our boys will be taking on AmaZulu FC at Orlando Stadium in the 8th game of the #AbsaPremiership #OnceAlways #UpTheBucs,1,0
"@Diary_FG @rossa_mitchell @victoriagaziano I never touched it so it was obviously Tor, bloody hell Gazza we'l get another one Saturday! Xx",0,-1
@jacksierra1 say hello tomorrow from your high status line up and I shall hail to the VIPs,1,0
"Chelsea v United, Everton v Liverpool, Bayern v Leverkusen, Marseille v Lyon. I think it's SUPER SUNDAY!!!!!!!!!!!!!",1,0
Very entertaining 1st half of the Merseyside Derby,1,0
Merseyside Derby proper goal fest so far! Hope for more in the 2nd half! #SuperSunday,1,0
"It's only the 4th minute but Eden Hazard already knows he made the wrong decision, hehe #MUFC #BPLonFOX",-1,0
"c'mon chelsea, even bilbao handles united and u r able to handle #Barca so do it for me, pls",1,-1
"@Advice1Sports yeah, we have the option to use the QB as a flex back. i activated Weeden & Sat Reggie Wayne for the 1st time",1,-1
"Positive thinking ... after the win today Newcastle Utd are only 3 points off 5th position and 5 points off 3rd spot, bring on a surge #Toon",1,0
The Cab is playing on XM and I may or may not have just started flailing.,1,0
"Well, my darling girl Aja is happy...no school tomorrow! And really, I don't mind the respite from getting up for highschool hours!",1,-1
There are many more Catholics who DO NOT agree with Mourdock than Gingrich or others may think.,-1,0
Everybody stop complaining about Shaker is the only school thats gonna be open..lets all wait and see about it tomorrow,0,1
oms on my birthday (Dec. 18th Tuesday) i want lap dances! EVERYBODY know i stay with like 50 singles in my pocket !!!,1,0
We 10th cuz the ACC is garbage. Big East has tore them up all year,-1,1
Dj Mix N Match spinning live to air with z103.5 this Wednesday October 31st at City Nightclub! http://t.co/4d3QxMid,0,1
I understand that the Saints D is terrible but Manning is unreal. Makes EVERY 3rd down. Impressive.,1,-1
Eric Decker catches his second TD pass from Manning. This puts Broncos up 31-7 with 14:54 left in the 4th.,1,0
"Sunday night wrap-up: Manning, Broncos roll Saints: His arm might not be full strength yet. And then he whacked ... http://t.co/fkWUIfYR",-1,1
"@Rusher_4ever_12 @Beach_Rusher thing is that if we do separate time on Sat, it can make Rushers get on dif times so its not all together",0,-1
"Wrap-up: Broncos 34, Saints 14: Thoughts on the New Orleans Saints' 34-14 loss to the Denver Broncos on Sunday ... http://t.co/ZVMRPJh3",-1,0
Sunday funday with the girls at toads. Cold drink in my hand and Zac Brown band playing #goodday,1,0
en UAN: see the sun en LWWY: see the sun y ahora todas las directioners see the sun por little things- ori,0,1
@mariam02 japan fukaoka tix will be released on 24 nov. Im doubtful that we can get the tix coz the VIPs will have priority.,-1,0
Now here is where conservative Arabs and conservative Jews may come to terms. Abortion. The Gaza strip may solve it all by itself.,1,0
Broncos beat Saints during Sunday Night Football: Broncos won 34 to 14 over the New Orleans Saints on Sunday Night... http://t.co/IvATPcns,0,1
"Okay sleep early tonight, wake up early tomorrow and eat Oreo for breakfast. There, my life is all planned out.",0,1
@thewantedmusic if you follow @MrsPippaSykesX ill make you my famous Oreo brownie on Sunday!!! :D deal?? xxxx http://t.co/5dTQlZXx,1,0
@thewantedmusic if you follow @MrsPippaSykesX ill make you my famous Oreo brownie on Sunday!!! :D deal?? Xxx http://t.co/5dTQlZXx,1,0
"#BTG event, Bridging the Gap, November 6 fully booked - please contact l.s.spence@exeter.ac.uk to join the cancellation waiting list.",1,0
@_DJPEI Prob the same guy that played 10 straight Dropkick songs at Berks last Saturday..felt like a rockin St Patricks Day,1,0
today I am goin to a garden centre with my mum it's jst a part of my crazy lifestyle rt if ur cryin with jealousy c'mon u r x xx xb,1,0
"Rotherham Give Clear Warning to EDL, BNP and NF October 12: http://t.co/8QGrRXSn via @youtube got the message yet? fuck off #edl",-1,1
Cuse game the 21st... I'm there pops!,1,0
Need cough medicine and/or Lemsips. May be critical if you want the Gazette on Wednesday! Anyone do deliveries??? #dying,-1,0
here an exclusive video of the night that Armin van Buuren got the no.1 spot on the DJ MAG 100 for the 5th time... http://t.co/48yW2mUV,1,0
Lionel Messi picks up Golden Boot as top scorer: Barcelona striker Lionel Messi was presented Monday with his se... http://t.co/K0aYRiwL,1,0
"Kapan sih lo ngebuktiin,jan ngomong doang Susah Susah.usaha Aja blm udh nyerah,inget.if you never try you'll never know.cowok kok gentle bgt",-1,1
Done with the updates! Hurray for me!! Ahehe^_^ Now I can go to sleep. Six loads pa ang bubunuin ko tomorrow...Aja! God bless everyone:),1,-1
Lionel Messi received his 2nd golden boot for being the top scorer in europen league. He scored 50 goals in... http://t.co/IIowAXiF,1,0
"Go Native jet-powered at Galway. Available at 50/1 for the Champion Hurdle, may go over fences http://t.co/MH0FuPFB",0,1
"I just noticed that Alli Simpson, Sarah, and April follow me. WHY DIDN'T I KNOW HOLY FUDGING FUDGE BALLS. THIS WORLDDDDDDD",1,-1
Messi receives Golden Boot award: Recognizes Argentine star Lionel Messi on Monday the Golden Boot Award as the ... http://t.co/drgpkvhi,1,0
#Syracuse field hockey beat #UConn for the Big East regular season title on Saturday. My story for @DOsports: http://t.co/n4ZjSUfV,0,1
"Still struggling with What's That Noise? If Gazza doesn't get a winner this time, there will be a new clue with Pete after 8am tomorrow.",-1,0
Reminder - We will NOT be at the Eastern Market event for tomorrow night... Weather not cooperating ! See u Thursday in Farmington Hills !,-1,0
Get Ready for information on Winter Jam tomorrow with SHINE 105.9 http://t.co/nuDDWqrQ,0,1
ye I was standing on the same concrete as Lionel Messi and Cesc Fabregas on Saturday ye ye ye,1,0
"@byron_miller it's slooooow, much slower than iPad3, can't imagine compared to ones released Friday, it's a dud, Balmer will be gone soon.",-1,1
"Monday Madness is still going strong throughout Miami! Come by Pinecrest, Coral Gables, Doral or Miami Beach... http://t.co/DLyJPkvU",1,0
"@bigmacfishes Definitely starting my weekend with Rickard's Cardigan, several pounds of wings and Monday Night football.",1,0
Awkward when Marni in Halloweentown completely changes people between the 3rd and 4th movie #imsickandnothingison,-1,1
Soccer-La Liga top scorers: Oct 29 (Infostrada Sports) - Top scorers of the La Liga on Monday 13 Lionel Messi (B... http://t.co/Ykt9btfC,1,0
"It would make my day tomorrow if I could get a picture with Chane Behanan , Peyton Siva , Gorgui , or Angel Nunez . Or even Mangok .",1,0
This is just a friendly reminder that tomorrow is Halloween in Metroplex.,1,0
"Hot Springs to Mt. Nebo last Sunday with wife driving a Ferrari? Not, my wifes Hyundai Veloster Cool Po Folks... http://t.co/dk8ehseE",0,1
I'm just waiting until Thursday. I won't be at school. I'll be at the Smith Center the entire day. FUCK YEAHHHH,1,-1
"Shaker is going to have school tomorrow. There's no doubt about that... The really question is, am I gonna go??",1,0
About 400 bricks just cascaded from a building on 2nd between 42nd & 41st onto water system of Hilton Hotel / Tudor Hotel. Scary,-1,1
"@eldermars Easy to have a couple extra wins when BYU has played the 31st ranked schedule compared to Utah, who's played the 3rd. #Sagarin",1,0
"On Oct 27th, PM #Noda visited Iwate Prefecture to gauge extent of the damage from the Great East Japan Earthquake . http://t.co/PDqLTk0Z",0,1
"Blueberry muffins last night, brownies tonight, Oreo balls Wednesday...I'm done.",0,-1
"I can recall 3 situations where #WWE changed plans because of tweets! 1st is JR to replace king, 2nd Brock interfering in the Cena vs rock!",1,0
@WNSource more interested in a possible Cena vs Ziggler match! more annoyed Ziggler didnt even wrestle tonight or on Smackdown Friday,1,-1
"@RobertLusetich On JUly 1 could have been POY, won majors,won playoff events, won WGC,Won Fed Ex Cup, had most wins n season Did none of it",1,0
I wish fundraising money could be easier ! I wanna go to Belize again this March Break on a mission trip ! Anyone want to support .. ?,1,0
"@IBGDRGN @Realtaeyang 1st time GD oppa praised VIPs in public,1st time other countries VIP jealous with M'sia VIP..and many many more...",1,0
Kirko Bangz is the weakest nigga in the game i smoke weed with that nigga in 8th grade off edgebrook i thought he was lame then n still do,-1,0
@fkariuki @jmollel I don't expect any changes on the banking and telecom sectors in near future! May be after completion of WTO talks,-1,0
"Four players remain: Merson 86.4M, Sylvia 63.5M, Balsiger 30.9M, Thomas 17.2M. One more bustout tonight and the final three return Tuesday.",0,1
@fatimasule That was the revelation I mentioned on sunday evening. I am still in Abj. How are u & where have u been again?,1,0
#WalkingDead fans . I will reveal a major spoiler for next week's The Walking Dead tomorrow at 12est at http://t.co/K4zSyCTC. Pass it on!,0,1
"Forget league's Super Saturday, @cnn has Super Storm Sandy. Name aside the coverage has been first class",1,0
"@MezaJudy thats it, I'm calling you out. we're gonna fight. be at calle 116 at 9:55 pm on friday, if you don't show then i win by default.",1,0
"Overexposed Tour, Maroon 5 With The Cab: Through The Eyes Of A Drummer - As you may have heard, The Cab just... http://t.co/H3c7kQsw",0,-1
"#MoatUp 2: JANGLYBEASTFEST is happening on January 25th 2013. Hope Gazza turns up with cigars, a Showaddywaddy album and an alcove curtain.",1,0
"@ChloePhillipa Gazza, Ramirez, Cork back and we'll do well. Then add some defenders in January and we'll climb up the league.",1,0
Just discovered restaurant on top of Centre Point. Am now taking agent to it tomorrow. No idea what food like but presumably view sublime!,1,0
"@admh86 @ashleydp15 looks like we will be headin the charleston again, jan 4 WINTER JAM!",0,1
"@bigeastonao I dont remember the name but it's a big award and SNSD was performed Gee or Gennie,u may search google for that incident",1,0
Hyung Jun's interview is super long! Can't believe it took me 45 minutes.. Am I this slow..,0,-1
What?! Seoul on Jan 28th - Feb 5th. Send a request for the accommodation in the corner of Myeongdong. I wish it will go through well.,1,0
"@HyungJun87 Hi Hyung Jun,how are you when are u comming to America,we miss u here,fighting.",1,0
"San Jose, Calif.-based eBay (NASDAQ:EBAY) announced the job cuts in a statement Monday morning. Most of the job eliminations would be fro...",-1,0
What doesn't kill you makes you stronger! @buffalobills' Mario Williams to play Sunday post-wrist surgery: http://t.co/p78PiKfz,1,-1
I like Trey Burke but I think pre-season 1st team all-american is a bit over the top.,-1,1
depending how late we work tomorrow it'll be a nightmare getting back into WeHo from Downtown with SMB shut down for the Halloween Carnival,-1,0
"@sam_snideman @Pacers looks like we'll be getting an extended look at Gerald Green, Saturday. Running w/ the starters in practice w/ DG out.",1,0
@jeannedesutun Terra Madre on Bachelor's Walk may fit the bill :),1,0
"So, @ChuckRagan in Helsinki tonight with the #RevivalTour, and he has a birthday! Sounds like a killer combination. Too bad its Tuesday.",1,-1
One more movie coming your way this afternoon (it's a biggie!) -- and a couple notes on Sunday's The Walking Dead.... stay tuned.,0,1
It is happening in Tsumeb this week till saturday when Gazza will be the main man. http://t.co/cgqRmbuf,0,1
T-pain killed for his show the other night. Guns and roses lastnight. Tomorrow night Kirko Bangz. #LasVegas #turnup,1,-1
O'Brien: #PennState players came back Monday ready to go. Said he believes they and coaches have put Ohio State game behind them.,0,1
@TheDubalitious1 @skyshaw10 hahaha NAT! I feel a resurgence in the 2nd half #itshowyoufinish #gotheeeem,1,0
@rickbozich That's asking a lot. That would mean a lot of Big East dominance and late NCAA MARCH runs. Bring it on!,1,-1
@tara_smiles Not bad. I think Cena will wear the green merch for 2 weeks after tomorrow. We will get new swag at Survivor Series.,1,0
"I'm going to visit PASRB, SEB, SPR and SMB's holes tomorrow for the #SpookyMiniPutt!! Hoping for some hole-in-ones!!! #GCWCC2012",1,0
"2nd win today, 2/1.. Lets keep it up guys ! Next game on saturday at Helsinki..",1,0
CHRISTMAS TOMORROW :D !! Who's going trick or treating for Christmas presents & candy cane ?!?!?!?!,1,0
@NeruaGuggenheim I'll be in Bilbao for few days from tomorrow. I'd like to book for two for the first of nov dinner. Possible?,0,1
MYRTLE BEACH WEDNESDAY 2 showsssssss!!! First stop is for the Visions of Horror show!!!! Second stop is at the... http://t.co/wkh7kWb9,1,0
Penn State tight end Kyle Carter 'day-to-day' with ankle injury: On Tuesday in the Big Ten coach... http://t.co/7Z2tScT1 #Philly #sports,0,1
"If anyone's interested in some tickets for the zac brown concert on Saturday the tenth,let me know!",0,1
#CGVB is off to the finals! Everyone go to Reynolds Colosseum at NC State at 2:30 on Sat. to cheer #CGVB to back-to-back state champions!,1,0
YG's newest darling LEE HI will make a debut on INKIGAYO this Nov 4! show love VIPS! @soompi_bigbang,1,0
Prayer at the top of tower on top of the Hot Springs Tower Mountain at 7:30 AM tomorrow! Join us! #ShareFest2012,1,0
"I was just informed that DST is on Sunday? Spring ahead, FALL BACK! *hops on organ*",1,0
@AshMayo4 Me & Colton are supposed to carve one tomorrow! Is it gonna be hard?!,0,1
"Best day and weekend trips from Seoul, by season: by Elizabeth EunThere's just so much to see in Seoul, it may t... http://t.co/y5pABsHN",1,0
"@lexi_coppello @yomaggieshields i'm with Nat, so i don't wanna be rude! Tomorrow <3",1,-1
"I'm gonna be failing dat HST test tomorrow, Zoe better put her paper where I can see it! #pleaseandthankyou @zoe_estabrook @Tbovea @hrometz",-1,1
"Female dinner hostess needed, 12 nov (3-11pm), marina @ keppel bay, $150. Taking care of VIPs. PM/text me if you're interested! :)",1,0
@Rock_Kendy but the 12th man is still the 'Lionel Messi' for the manc scums unfortunately,-1,0
"Saturday Nov 17th, 2012 Q Bar and Grill is the Place to be! UFC 90's Event with Special Guests: DJ BOBBY D... http://t.co/z96soXQf",1,0
Fire the turn Sylvia c'mon #kingturnezbet,0,-1
I want to play apples to apples at a Halloween party tomorrow.,1,0
"How did Dylan Quirk not make the Vic 19's. He kept to James Pattinson, Darren Pattinson and Peter Siddle in a 1st grade Grand Final at 15.",-1,0
Tomorrow I'm gonna go buy all the seasons of The Walking Dead!,0,1
"@BakedFoxxx Fuck Rusko lol. Laidback Luke is here in El Paso on Friday, I could go since I'm so close! Haha, but I'm going home Friday.",1,0
"Just saw that @CountingCrows show from SXSW is going to be on AXS TV this next Sunday, November 4th. Dig it!",1,0
Calling #HU students - If you need a job Nascar Bar and Grill is hiring. Group interviews Wednesday and Thursday at 6pm. Go get that money.,1,0
"May the Billions Be With You... Lucas Sells Out or Cashes In?: LOS ANGELES, Calif. - In one of the biggest surprise... http://t.co/HiDC6Z3X",1,-1
"@Brookeofmidgard I'm sitting here with my belt, in jean shorts watching Cena win his first title. I think we tie for 1st my friend xD",0,1
News: Pudsey pays a visit! - IF YOU went down to Cascades on Saturday you'd be sure of a big surprise. http://t.co/RkMSkiiL,1,0
"So far, I'm only going to attend Smash Project because Miss May I, Of Mice & Men and Chunk No Captain Chunk.",1,0
2013 NBA Draft: Chicago Bulls 2nd Round Pick could look to add international talent much like they did with Omer Asik and Nikola Mirotic,1,0
Shows on the Great White Way were cancelled Sunday and Monday and Radio City Music Hall al http://t.co/A15UI4NT,0,1
"Fire damages Buddhist temple at SKorea's Mt Naejang: Seoul, Oct 31 (Kyodo) A fire destroyed the main building of... http://t.co/s57mmK5r",-1,0
I just don't know if The Celtics have a chance this season.... also concerned that Garnett may need a hug.,-1,0
"McIlroy the agenda for topical debate: Golf:Rory McIlroy may be on a week off, but he remains in the news and at... http://t.co/VdqzTmkJ",0,1
"Irish Times: McIlroy the agenda for topical debate: Golf:Rory McIlroy may be on a week off, but he remains in th... http://t.co/lLjy0ee3",0,1
@JETHROnaldo7 the reason why I'm telling you HMV is kasi may special editions yan and shit :>,1,-1
"#justathought If England don't call up Zaha before January, there is a chance of him being called up by Ivory Coast for the cup surely?!",0,-1
"A rumor popped out about an @Eminem concert in Kyiv this February. I wonder how true that is. I'm so going if it's true, though.",1,0
"I'm pretty sure it's Wacky Wednesday at MSA right now.... I actually want that right now, except without the 'MSA' part #happyhalloween",1,0
Levi and elle playing lego while I'm just sat drinkig tea mwhahaha,1,0
"Skinny jeans, tuck in tops with cardigan for tomorrow, but no heels for the whole week! My legs hurt like crazayyy!",-1,0
"The Celtics celebrated their new year on Nov 1. It marked the end of summer, darker half of the year, beginning of cold winter #HybridFacts",1,0
Postseason prep is underway. Big East quarterfinal vs. either UC or Marquette is Saturday at Card Park. Are you ready? http://t.co/EtfKlroz,0,1
"Return of Chicago's beloved son, Derrick Rose, will be February 28 at home v 76ers. Same team same floor. 1 day before 10 months #justaguess",1,0
"Ephesians 6:11 (NEB) - Ephesians 6:11 (NEB) Put on all the armour which God provides, so that you may be... http://t.co/cEt5WKVK",0,-1
@mg_indy Reggie Wayne got rocked at the goalline Sunday & the other team tried to help him up & he wouldn't let them. Thats what I wanna see,1,-1
#UVa wide receiver Tim Smith says he'll be able to play in Saturday's game against NC State.,0,-1
"@NotTheGolfer Could be similar to DRose as the 8 seed his 2nd year in. Don't know if the Cavs can make a jump like the Bulls to 1, but still",-1,0
BREAKING NEWS: #Arrow will not be seen tonight in Illinois or Indiana due to the Chicago Bulls opening game. It will air on Saturday. :(,-1,0
Ask me about the Food expo- Abj food festival at the eagle square abuja 7th- 9th dec '12. Rock bottom prices on food for the festive season!,1,0
#Specialneeds judo weekly class on at the #Southville Centre tomorrow night - medal winning sports stars!,1,0
LetsMoveDown will be at the Comcast Center this Friday for the Terps v. IUPA exhibition game. Come check us out!,1,0
#Bills Mario Williams not sure if he'll practice today (wrist) expects to be more effective Sunday. @wgrz,-1,0
"Hope you can join me TOMORROW at 7pm at Scoreboard Bar and Grill in Nashville, TN!",1,0
tonight at midnight ENDS Sober October - and it's Halloween! look out Myrtle Beach! ;),1,0
Lucky Break in Tempe to host Beer Wars II: Arizona vs. Oregon: Arizona State has its work cut out for it in Sat... http://t.co/IFG1IniH,1,0
Come on iona just cancel class for tomorrow already,-1,0
whos trying to go to Buenos Aires with me February 23rd? Armin van Buuren & Carl Cox! ...how does it get better?!,1,0
Let's make sure our @BerlinGeekettes get to SXSW! Vote here by Nov 2nd http://t.co/zAdgrKqg,1,0
Plea to probe 'foreign funding' of Team Anna: The bench had directed the Centre on May 30 to treat Sharma's plea to the court for pro...,0,-1
"21 to go for Alex Smith! #49ers MT @caplannfl: Tom Brady wins AFC player of the week for the 22nd time in his career, tying Peyton Manning.",0,1
Dennison: Our offense will have its hands full with Mario Williams on Sunday.,0,1
I let @ellezirk3 convince me to go to the Queen Mary with her tonight. and we both have class at 7 a.m. tomorrow. #yolo,1,0
"Never do business alone again! Learn how with Women Entrepreneurs of Oregon at Madison's Grill on Tues, Nov 13 http://t.co/8cPJSZAK",-1,0
Trey Burke has been suspended for the Northern Michigan game (exhibition) tomorrow. http://t.co/oefkAElW,-1,0
PUMPS & POLOS!! Strongside party nov 10 @ club Paradise!! Ladies free till 11:30 so get there early!!! I got my polo ready how about y'all??,1,0
At Shaker practice as they prepare for Super Bowl matchup with Shen on Friday http://t.co/4oh1MLZA,0,1
NAIA Walsh University is beating Ohio State 23-17 with 7:15 left in the 1st half in an exhibition NCAA Men's Basketball game.,0,1
"The Celtics may have lost last night, but at least the Lakers did too!",0,-1
@MikaruBLACKLINE Yo! See u in Helsinki (again :P) December 14th yeeey~ last time u were here with Dio ^^',0,1
Trey Burke suspended for the men's basketball team's exhibition game tomorrow: http://t.co/1h7V8vSC,-1,1
"Don't forget to set your clocks back this Saturday before you go to bed! Daylight Savings time ends on Sunday,... http://t.co/ZrrSdBJa",0,1
"Mario Williams: I didn't want to enter free agency in the 1st place, but it was a one-way door given to me by the GM to leave Houston",-1,0
To all the school kids....one positive note for the weekend. You get to set your clocks back one hour on Sunday night as DST ends.,1,0
I think we may have just found out the reason he plays Carrick at centre half when we have no one else #lackofexperienceshows,-1,0
Gresh and Zo discussed the Celtics season opener loss to the Heat on Tuesday night. Rajon http://t.co/sbo3Q3Kc,-1,0
@GaryWoods94 @sjwright11 @chartersss bring the tenna in tomorrow Gazza!! #ThankYou,1,0
"FYI, golf fans: @jameslepp will join Moj on Wednesday nights to recap Big Break Greenbrier. Tonight, he's on at 6:10. #JamesBB #saucerpass",0,1
Catch me tomorrow on @dailybuzztv ; Friday on @lifeloveshop and @DaytimeTVShow. I'll get you ready for Daylight Saving Time!,1,0
"Obama in New Jersey today says he is there for them. HOWEVER tomorrow, he must head to Vegas AGAIN to campaign with Eva Longoria! SORRY!",0,-1
@MikeHillESPN @markschlereth Peyton Manning is phenomenal in the 4th quarter. #Broncos outscoring opponents 89-13 in the 4th quarter. #ESPN,1,0
Just a reminder than we will be playing in HMV in Buchanan Street on Tues the 6th :) Time tbc. Hope to see you guys there x,0,1
James Meredith on this 30 for 30... The 1st black student at Ole Miss... Well... Thats the definition of a real nigga w/ balls.,1,-1
@KatieLamica we wont know until tomorrow! I think it is between Colton and Herman!,0,-1
"Juniors playing powderpuff, if you aren't at practice tomorrow you will NOT play, it starts at 5:30pm, hope to see you there!",-1,0
Got my Chicago Bulls Tickets. Don't want to chance it. He may or may not come but I'm going. :),1,0
@Sh48e but I do agree wit 2nd in east as long as DRose sits out most of the year,1,0
To set the record straight I actually like @edstetzer. I finish first 1/4 of The Gospel Project this Sunday & we went to BYU together.,1,0
I got tickets to the NC State game saturday and nobody to go with..,-1,0
@CDixonLegs @Messengerprobz @dixon_messenger Colton is busy right now and may not see it. Did you send it to his mother and/or Traci Scarce?,-1,0
@crystallakemike Nobody knows if DRose will have the same game ever again when he does return. March seems awfully optimistic to me...,-1,0
"@JasFly I may be late, but Drake's live show has grown from the first time I saw him during the TML run to his Club Paradise tour.",1,0
I want to go to the SMB tomorrow but worried i will oversleep :/ been sleeping through my alarm,-1,0
I'm done with SATs. If anyone wants my sat book w/ notes hit me up. I'll let you have it.,1,0
"@killa_1983 - If you ain't doing nothing Saturday: slide through Aja, they got me hosting it.",1,-1
Aaaaahhhhh dam! I am out of my favorite Tea! Damit I have to wait until tomorrow to buy it now :(,-1,1
@maddow Ole Miss band is fired up for rousing verion of Dixie next Tuesday night-wanna sing it Rachel?,1,0
"Well, I get to hang out at the Smith Center for 14 hours tomorrow. Good night, Tweeter. #fucklife",-1,1
Whoo! Clippers won the season opener! The Lakers are now 0-2. The Battle of L.A. starts Friday. Let's go! :) #ClipperNation,1,0
"I may or may not have freightened a large number of L.A. residents, merely by making EYE contact with them in the past 48 hours.",-1,0
Reminder: Daylight Savings Time ends on Saturday night / Sunday morning. Set you clocks back an hour and enjoy an... http://t.co/8Lf0Jf2Z,0,1
Wednesday's NFL notebook: Broncos' Peyton Manning says his injured thumb is OK: The tape didn't wrap all the way... http://t.co/AnIZjsvG,1,-1
#np Going Wrong - Armin Van Buuren ...and I will live 2day n I will love tomorrow. No matter what is said or done. Even if its going wrong.,1,-1
@KDTrey5 better show up tomorrow against the Spurs,1,0
@pinkNbling i was jst going to tweet... Yknow youre in SB when its 12 and youre still walking down DP with 2 midterms on Friday! LOL!!,1,0
Casinos in Atlantic City closed since Sunday because of Sandy. What did the pathological gamblers do ?,-1,1
"Daylight Savings Time ends this Sunday. Except Arizona, where we gain the hour because we don't have to change any the clocks. #smallvictory",1,0
@kateydulles haha I shall. (: what are you two doing tomorrow night? Ill try to come up to tempe with a friend or two (:,1,0
Hidind the scars from all the kids at the OGT's tomorrow will be hard.. *sigh* :'(,-1,1
@nflfantasy Major dilemma.. Do I start Charles tonight or Reggie Wayne Sunday? Messed up by teaching Martin last Thursday!! #help,-1,0
@Fit_Tamara glad to hear everyone is ok! A catch up is on the cards soon I'm back from Seoul on Saturday.,1,0
@LJFB_7 to be fair i do like your current chosen charity as nat will be having our second kid at the womens tuesday,1,0
"Hey friends, DST ends Sunday, 11/4. Just giving you a heads-up to set your clocks back 1hr before bed Saturday evening. :)",1,0
"Thur. Kick: Tebow's new girlfriend, Mario Williams didn't want to leave HOU, more legal troubles for D. Bryant http://t.co/tzbVaoWX",-1,0
Oomf just made wish I had a half rite about now! #1st&3rd,1,0
@Espngreeny big ben gets forgotten because his SB wins weren't memorible. 1st was the bus show. 2nd feel on deaf ears cause it was vs cards#,-1,0
Kim Hyung Jun gives SS501 fans much needed reassurance about the fate of the group. Read it all here!... http://t.co/WTc2hNtW,1,0
"So sad to see the Broadwalk in Atlantic City destroyed, we were only there back in April - hope they can rebuild it #AtlanticCity #Sandy",-1,0
@angelayee Don't forget to remind the people that Daylight Savings Time ends 2am Sunday. Set you clocks back one hour.,0,1
@Mapher1 Internet came back Tuesday night. Still some Power out in the area but schools are back up and running,1,0
GOLF VIDEO:Masters Champ & Ryder Cup cheerleader Bubba Watson lands in China for the 1st time & reflects on year http://t.co/TbtqQe7P,0,1
@lucyluuxox u ok with the poster for tomorrow? tea will be provided for you.. can you get to the cafe for about 6pm to sound check? Rosie x,1,0
Who just scored tickets to Saturday's game between UGA and Ole Miss!? This yotefox just did^^,1,0
"@Darrellissa Sir, there are enemies in the White House.Something needs to be done TODAY not November 6th.Clinton,Obama,Panetta,Petraeus,Lamb",-1,1
"Sir, there are enemies in the White House.Something needs to be done TODAY not November 6th.Clinton,Obama,Panetta,Petraeus,Lamb,Lew,Donilon",-1,1
"The sun is shining over the #UoNCareersRoadshow at SB. Fingers crossed for tomorrow at the Exchange Building, JC from 11am!...",0,1
no classes til Monday.....coming to myrtle beach was so worth it,1,0
"Have you gotten your tickets to see Terry McMillan at the MGM Grand on Thursday, 11/1? If not, go here to get your... http://t.co/eny6ieV1",0,1
46 years ago today New Orleans was awarded the NFL's 16th franchise and the New Orleans Saints were born!,1,0
I did just remember that tomorrow does 1D comes to sweden for xfactor sweden!! I wish I could go...,1,0
"Daylight Saving Time Ends Sun. 11/4 - be sure the time on your phone system is re-set, contact 800.300.0824,... http://t.co/TMLk1nLX",0,1
@Nike_Wearer the ACC had a team ranked 3rd guy. Florida State. Until they lost to NC State. ACC so underrated.,-1,0
@RushinConcert Driving from Nashville to ATL to see RUSH for the 11th time! Second row PITT baby!!! Yahoo!!!!!,0,1
I'm supposed to go to Atlantic City on the 15th for a school field trip. doubt that will happen tbh,-1,0
Wondering what kind of recognition @dcunited will do of post-#Sandy NYC at Saturday's RFK game against the Red Bulls. #mls,1,0
Was going back up to Dayton in January but ion really think I can handle being up there to live that place ain't no good for me,-1,1
"Will make 120pcs of cakepops and 100pcs of chocolate lollies tomorrow, Aja! :)",1,0
"46 years ago today, New Orleans was awarded the 16th NFL franchise - and the New Orleans Saints were born!",1,0
@pinklemontee dec 1st :) are you guys back from Korea by that time?,1,0
And you say Derrick Rose isn't good because of the ACL but Dwight Howard is the 3rd best player in the league coming off major back surgery?,-1,1
@AmaaandaPleasee your going to Indianapolis Sunday for the Colts game?!?!,0,1
@DonzThaDon @BlueVino May not have. But I just know appeared to be better in early 80s before Reagan fired Air traffic controllers.,-1,1
@Damo_Dee going to laidback luke next saturday going to be amaziiiiinggggaaaa! Haha,1,0
I'm going back to Richard Bland in January :),1,0
"IRENE+JIMMY who married in Bhutan, had a 2nd wedding in Taipei. Couldnt make it but our associates MC & Jean-Michel did:http://t.co/3fMmEu2S",0,1
It's Women's Day in Manotick this Saturday with 15% off everything in store! BUT... for our FB friends just... http://t.co/WFlgqYTB,1,0
"It has been confirmed! One Direction will be on Ellen at Burbank, Calif. studio for a huge concert event on the 9th of November!",1,0
"I'm going to L.A. tomorrow evening, and I really should be packing right now.",0,1
@MeekMill just went to HMV and meek mills album don't come out till Monday #pissed #dreamsandnightmares #dreamsandnightmares,-1,0
@SamuelAiken that's because fratton may as well be the Gaza Strip,0,-1
Plies at center stage next Friday lol you better go get yo man! @Jus_mesha,1,0
NJEA Teacher's Convention_ Nov 8th & 9th in Atlantic City has been cancelled for the 1st time in its 158-year history.,-1,0
@Reylynn2040 and the people & animals at Cuba as well! http://t.co/AQLwOHH9,0,1
@BarrySanders I'm taking Friday off just to go to Doral and try and meet you. Fingers crossed,0,1
@ConnorMcManusx it wasn't Tuesday it was the week before when Nat and chidgey were arguing I was like oh gad,-1,0
Oh it's Thursday! New ep of Naruto? >:) Probably fillers but let's go!,1,0
Daylight Saving Time ends this weekend. Set your clocks back 1 hour before you go to bed on Saturday night to get an extra hour of sleep!,1,0
So I've decided to make Oreo #cupcakes tomorrow with my sis @Tiiaahhx,0,1
I don't know if there's a greater indictment of the current GOP than it violating Reagan's 11th Commandment to attack Christie. What a joke.,-1,0
Utah can take a look at Colorado for motivation - The Buffaloes were picked 11th last season and made the NCAA Tournament,1,0
Come down and laugh tomorrow at Loon Lake Bar and Grill in Waterford MI. With Me and the Mowtown Laugh Kings.,1,0
"@dylan_pritchett that may be true, but Reagan did not increase the defect to THIS EXTENT. This is absurd. You and I both will be paying",-1,0
"I can't believe Queen Latifah came to Durham last Friday , had a dinner and dancing event at the Hilton hotel wtf? I woulda went!",1,-1
"((I'm grounded from the internet until Monday, so talk to me while I'm still at school! -.-))",0,-1
@seekmagicblog no drink the world - not even tea - can beat the taste and feeling of a first few gulps of a 1st beer when you really want it,1,-1
@aolsen You don't think a 27 win BYU would get a 7 seed and maybe win a game? Or you don't think BYU will win 27ish by selection Sunday?,0,1
Join me this Sunday at the New Thought Community Center in Fresno. I have the honor of doing the service this... http://t.co/ELm87X4U,1,0
OMG. Who wants to go see Duelo with me this Friday!?,0,1
@Harry_Styles @NiallOfficial @Real_Liam_Payne @zaynmalik @Louis_Tomlinson I was supposed to take my SATS tomorrow but it got postponed. :(,-1,0
Hard day looking forward to my tea now may have to call in to an irlam takeaway #memories,-1,1
Shit is about to get real tomorrow night at UMBC!,-1,1
Galaxy Tab 2 10.1 coming to Sprint with LTE on November 11th: Good news for Sprint customers in the mark... http://t.co/4tytqhc2 #Mobile,1,0
A big day of Football in Marshall on Friday. Here's a preview of all 4 games. I'll be tweeting updates for all games http://t.co/bmoTZhyt,1,0
"@jsmithready Oooo, YES! I submitted UMD on Sat., UMBC on Sun., before the storm! 2 down, 4 more to go :D @ConstellationBo",1,0
"@ClaireC1907 @shortchick77 lol I will take Nat's word & give it a try. I may go back 2 Supernatural later, watching Arrow, Last Resort now 2",1,0
Oomf today thought he can talk to me on some other shit wait til tomorrow lol,0,-1
via @NBCDFWWeather: Don't forget this weekend is the end of Daylight Saving Time. Set you clocks BACK 1 hour Sat night when you go to bed. E,0,1
In Manhattan? Please bring food/batteries to the #homeless residents of @HelpUSA's RFK apt @ 113 East 13th St#SandyVolunteer,1,0
"Community Event: Come support the Center for the Art of Performance at UCLA next Friday! In one special evening,... http://t.co/JSeguWHG",1,0
"Still yet unanswered, are the SATs still on for Saturday?",-1,0
"Luxury condo ONE Ala Moana unveiled: HHMK Development, LCC announced Thursday details about the new luxury... http://t.co/88Ra1g3X",1,0
@_yukisohma are you folks gonna let you stay over at nat's house tomorrow night?,0,1
@nrhinds In between phones at the moment. Will go to Shoeless Joe's Monday morning if that's fine.,0,1
"@DJDannyF never listened to the 1st. hard to ignore the 2nd working at HMV! but like most things, just got overplayed. agree on the 3rd.",-1,1
Halloween wore me out next on the list Danksgiving on Nov 23 at Big Fish Pub in tempe hit up for slots and info only a couple left,-1,0
I just offered to bring someone Taco Bell for lunch tomorrow & they denied me #WhoDoesThat!? You should always accept Taco Bell! #Always,-1,0
Mad respect for the IAD team..its comforting to know we still have people like them around. May Allah continue to bless this project.,1,-1
Saturday is Daylight Savings Time - don't forget to set your clocks back 1 hour before bed or you will be extra early for church on Sunday!,0,1
@Kelly_Buxton I wanted to come to York with you guys on Sunday but I'm working!,1,0
Getting sick right before the UCLA football game on Saturday <<<,-1,0
@jedlewison For Record I had iPad1 & just switched to iPad3 and I've got a screaming MacPro Tower. :-) My 1st apple was a IIc,1,0
@SSalo316 as in Colton? Lol but okayyy (: lemme know. I may be living in the library tonight studying for this exam :/,1,0
"got my tickets, see you tomorrow Chris and Levi! time to #mosh http://t.co/WM451NxO",1,0
"MT @ImTheSportsDude: Remember when Miami vs VT on a Thursday night was a marquee game? Oh yeah, back when they were in the Big East.",0,1
@AupaCeltic Jason. . It seems we have some mutual friends I was hearing at the game on Sat. Travel with you to Bilbao from my neck of woods.,1,0
"Is it ok to be looking forward to the extra hour of sleep this far out :) Daylight Saving Time Sunday, November 4",0,1
"@JamaicanThunder @long_ally right, see if you get any Oreo balls tomorrow.",0,-1
Last day of school tomorrow then im out too Cuba :P haha,0,1
@YBcully well I want the draft to be on Saturday do u have a yahoo account,0,1
@torixp Are you going to go to Levi's tomorrow??,0,1
What will see tomorrow?? Mad face?? Bitter face?? Screw you people.. We've paid to see his happy smile!!,-1,1
"My mommy just said she'd give me $1,000 to go to Peru in March!!!! Whoo whoo whoo!",1,0
Sunday marks the end of Daylight Saving Time. Remember to turn your clocks back one hour before going to sleep... http://t.co/Z3br5XhK,0,1
Susan Boyle lives the dream - Sunday Night - Yahoo!7 News - Yahoo!7 TV http://t.co/KXicfKUL via @Y7News,0,1
@dwootz @debbiewooters do you know when you guys are going to Tempe the 2nd or 3rd week? Have to claim my parking spot!!! Lol,1,0
"Attention Romo haters. Guess who is the 4th highest career qb rating all time? That's right..higher than Manning, Brees, Warner, Montana etc",1,-1
Going to the Fair for a Little bit with the familia ;* But somebody seriously needs to come to the fair w. Me tomorrow ..,0,1
"Okay so tomorrow me, @awsumlala and @DiViNeHon3y have a date with the fair",0,1
Have to go stand at the apple store like a right dork tomorrow to upgrade my recently purchased ipad3 for the ipad4. Sigh. #1stworldproblems,0,1
Daylight savings time ends this weekend. And I don't know what this means for the timing on F1 on Sunday.,-1,0
@anthonyli You're not coming here The week of feb 16th are you? I'll be in oklahoma so I don't want to miss you guys :(,-1,1
"#TEAMCAUSE, don't forget Daylight Savings Time ends this weekend, put your clocks back an hour Saturday night so you're not an hour late!",-1,0
Don't forget about Daylight Savings time. It is this Sunday morning at 3am. You get to move your clock back to... http://t.co/HHpk90P5,0,1
"One class tomorrow, done at 11 and then going home. Ready to witness an Oklahoma upset on Saturday! #cyclONEnation",1,0
Bib# 5886! Look for me during the Two Cities Marathon this Sunday! Running from Clovis to Fresno! I got this!!!,1,0
#ihope that @leeegabrielle will be able to come to cuba with me for march break,1,0
It ends in a draw. NU gives itself a chance for a share of the Big Ten title should Michigan State lose on Saturday #B1GCats,1,0
York football staff member has leaked that York's goal is to score 100 points against us and leave in 1st string for the whole game #True,-1,0
Wall Street analysts are estimating Atlantic City casinos may be down 10% for the year because of Sandy http://t.co/Wd8nHXaH,-1,1
JUNIORS! Class shirts are on sale now. $10. Please give the money to @TeeAaaCeeX3 ASAP. Preferably by the end of Monday!,1,0
What do you liked about peru? *-* #askdongho ..see u tomorrow in fanmeeting <3,0,1
@ReedDeming wait are you going to the game tomorrow for Reagan,0,1
Hoping that SB's 2013 planner is as pretty as the 2011's. It would be out starting tomorrow. Will check it frst before collecting a sticker.,1,0
This weekend Daylight Saving Time ends. Be sure to set your clocks BACK one hour before going to bed on Saturday night.,1,0
"looks like im going to the UGA vs. Ole Miss game on Saturday, #HottyToddy",1,0
day 3: still got no power and takin like the 3rd cold as shower fml. fxckin freezing. reminds of peru lmao # http://t.co/FG3EyKp1,-1,0
November 1st - Kicking it off the start of the Holiday Season w/ Love Actually followed by Dashboard Confessional for the loneliness.,0,1
@jojowright @bigtimerush I think you should let Rushers pick a date! I suggest November 29! Important day in rusher history! Who agrees?,1,0
Tony Parker may have hit the game winning shot but Mark Sanchez is coming through clutch for Eva Longoria right now. #Swish,1,0
"Don't forget about congress! We'll discuss close races in Calif. and around the U.S., Friday at 10am. http://t.co/NlPWLISd",0,1
Post Edited: Siri vs. Google Voice Search: may the best robot helper win http://t.co/n3fPUSe4 #review #Siri #theidoctor,0,1
Impressed with Siri. Asked to set an alarm for tomorrow at 8 AM. She clarified whether tomorrow meant today since just after midnight.,1,0
The Spurs may be my favorite team out of the western conference,1,0
Guess I'm talking to my grandparents about moving to Fresno tomorrow...Leaving everything and everyone behind.,0,-1
@_BaileyRobinson She sat there this morning when Levi picked up her shirt and then lifted her paw to show she wanted to wear it today lol.,1,0
"@tonyrusciano Hearing Taco Bell, makes me want Taco Bell. I hate you now. Can we all go to Taco Bell tomorrow?",-1,0
"Oomf is gay. He may not know it yet, but I do lol",-1,1
"Top 5 Pgs Rondo, Rose , Deron, Paul, ???....don't kno the 5th",-1,0
"Even tho. Lakers are 0-2 i still believe they`ll be in that court on June against the Celtics, or Heat #idcwhatthehatershavetosay",1,0
"LMAO Snottsdale, AZ = sluttiest place. I don't think Gelndale should get 2nd, give it to the Tempe giiiiirls.",-1,0
Peru Wants 1D World Tour let's go trending trending trending till we see the sun,0,-1
Ohhhh doood! Red holiday cups start back (&holiday drinks) at SB!! So going tomorrow :),1,0
these niggas been showin the return of derrick rose commercials ever since the summer but he not comin back til like march..,-1,0
"KOREATOWN, Calif. -- A man allegedly shot his former boss in the head Thursday at a commer http://t.co/rkR3thri",-1,0
"The spurs may have won the battle, but not the war!",1,0
"Reagan gone need me tomorrow , she gone want some if my candy , but ima tell her Noo",-1,0
@Hyperace I don't know why they haven't put Siri on the iPod 4th Gen.,-1,0
"For anyone in Korea interested, MLG Dallas will probably start on the morning of 11/3. I know what I'm doing Saturday.",0,1
Khaleda Zia's present India visit may have a bumerang effect on BNP. Bd army will never compromise w/ the power involve in BDR mutiny.,-1,0
@spdetore Tell you at our Friday lunch<3 Sorry for the late reply but yes we can eat somewhere on Marshall tomorrow haha :D,1,0
"Goals for tomorrow: Big Mac, hard shell taco from Taco Bell, Dunkin coffee, AC Moore, gasoline. I think that's it.",0,1
"@JennQuan Yeah, keeps my mind off of not having any Hedley dates to look forward to. Although my last day is December 11th at work.",0,1
Oomf is gonna get punched in the throat tomorrow -.-,-1,0
"@evanmatheney You may like this. Dude from Dashboard Confessional, playing with a band that he started awhile back. https://t.co/c49uonCC",1,0
"@jjuueellzz down in the Atlantic city, ventnor, margate, ocean city area. I'm just waiting for the coordinator to hopefully call me tomorrow",1,0
Turns out the issue we've been having w/ production is because some of our computers may not update time from Internet.,-1,0
@shelboxoxo I'm going to Cuba buuuttt I doubt I will be doing what y'all will #13.1 Sunday,-1,0
"Just found out the craziest things about DRose's knee injury. He injured his left ACL, as did i, April 28th he injured it,29th I got surgery",-1,0
"Tomorrow, tempe! Catching up with an old friend <3",1,0
When your lying in bed and your phone is on your desk and Siri pops up #siriwantstokillme if I'm dead tomorrow it was Siri..,-1,0
@laurensackett14 nooooo I am possibly going to be in dayton tomorrow night!!! :(,-1,0
Arsenal reportedly tracking the progress of Leverkusen's Schurrle and Schalke's Holtby as the Gunners seek to strengthen their squad in Jan.,1,0
"@LaFanMike7 I'd ask my roommate how he felt about the Spurs, but the answer would take til tomorrow morning. That sob got me sick too!",-1,0
@DrPhi1 Cuba. :) I'll tell you more after I book it tomorrow and before I leave Sunday!,1,0
Mere Dholna Sun- Bhool Bhulaiyaa- Shreya Ghoshal the real class.... http://t.co/Rz5BYQg4,0,1
